mapping_id,output_table,target_field,source_format,json_source_path,xml_source_path,transformation_or_derivation,overlap_or_conflict_rule,notebook_evidence
MAP-orders-01,orders,order_id,both,$.orders[].header.orderID,/OperationsExport/Orders/Order/Header/Order_ID,trim and preserve identifier/category case and leading zeros; no invented identity,Compare normalised non-missing values by table primary key; retain one canonical row only when equal; register any conflict (no silent source precedence).,Section 4 — orders; Section 5 reconciliation; VAL-SCHEMA/PK/FLOW
MAP-orders-02,orders,source_system_record_id,both,$.orders[].header.sourceSystemRecordID,/OperationsExport/Orders/Order/Header/Source_System_Record_ID,trim and preserve identifier/category case and leading zeros; no invented identity,Compare normalised non-missing values by table primary key; retain one canonical row only when equal; register any conflict (no silent source precedence).,Section 4 — orders; Section 5 reconciliation; VAL-SCHEMA/PK/FLOW
MAP-orders-03,orders,customer_id,both,$.orders[].header.customerID,/OperationsExport/Orders/Order/Header/Customer_ID,trim and preserve identifier/category case and leading zeros; no invented identity,Compare normalised non-missing values by table primary key; retain one canonical row only when equal; register any conflict (no silent source precedence).,Section 4 — orders; Section 5 reconciliation; VAL-SCHEMA/PK/FLOW
MAP-orders-04,orders,order_timestamp,both,$.orders[].header.orderTimestamp,/OperationsExport/Orders/Order/Header/Order_Timestamp,parse source-specific timestamp and format YYYY-MM-DD HH:MM:SS,Compare normalised non-missing values by table primary key; retain one canonical row only when equal; register any conflict (no silent source precedence).,Section 4 — orders; Section 5 reconciliation; VAL-SCHEMA/PK/FLOW
MAP-orders-05,orders,sales_channel,both,$.orders[].header.salesChannel,/OperationsExport/Orders/Order/Header/Sales_Channel,trim source value and convert to the target string or numeric type without changing structured category case,Compare normalised non-missing values by table primary key; retain one canonical row only when equal; register any conflict (no silent source precedence).,Section 4 — orders; Section 5 reconciliation; VAL-SCHEMA/PK/FLOW
MAP-orders-06,orders,payment_method,both,$.orders[].header.paymentMethod,/OperationsExport/Orders/Order/Header/Payment_Method,trim source value and convert to the target string or numeric type without changing structured category case,Compare normalised non-missing values by table primary key; retain one canonical row only when equal; register any conflict (no silent source precedence).,Section 4 — orders; Section 5 reconciliation; VAL-SCHEMA/PK/FLOW
MAP-orders-07,orders,currency,both,$.orders[].header.currency,/OperationsExport/Orders/Order/Header/Currency,trim source value and convert to the target string or numeric type without changing structured category case,Compare normalised non-missing values by table primary key; retain one canonical row only when equal; register any conflict (no silent source precedence).,Section 4 — orders; Section 5 reconciliation; VAL-SCHEMA/PK/FLOW
MAP-orders-08,orders,nearest_warehouse,both,$.orders[].header.nearestWarehouse,/OperationsExport/Orders/Order/Header/Nearest_Warehouse,trim source value and convert to the target string or numeric type without changing structured category case,Compare normalised non-missing values by table primary key; retain one canonical row only when equal; register any conflict (no silent source precedence).,Section 4 — orders; Section 5 reconciliation; VAL-SCHEMA/PK/FLOW
MAP-orders-09,orders,order_status,both,$.orders[].header.orderStatus,/OperationsExport/Orders/Order/Header/Order_Status,trim source value and convert to the target string or numeric type without changing structured category case,Compare normalised non-missing values by table primary key; retain one canonical row only when equal; register any conflict (no silent source precedence).,Section 4 — orders; Section 5 reconciliation; VAL-SCHEMA/PK/FLOW
MAP-orders-10,orders,order_price,derived,$.orders[].shoppingCart[].quantity | $.orders[].shoppingCart[].unitPrice,/OperationsExport/Orders/Order/Shopping_Cart/Item/Quantity | /OperationsExport/Orders/Order/Shopping_Cart/Item/Unit_Price,"sum(round(quantity * unit_price, 2)) by order_id; round to 2 decimals",Compare normalised non-missing values by table primary key; retain one canonical row only when equal; register any conflict (no silent source precedence).,Section 4 — orders; Section 5 reconciliation; VAL-SCHEMA/PK/FLOW
MAP-orders-11,orders,delivery_charges,both,$.orders[].header.deliveryCharges,/OperationsExport/Orders/Order/Header/Delivery_Charges,"remove AUD label/thousands separators, convert numeric and round monetary value to 2 decimals where published",Compare normalised non-missing values by table primary key; retain one canonical row only when equal; register any conflict (no silent source precedence).,Section 4 — orders; Section 5 reconciliation; VAL-SCHEMA/PK/FLOW
MAP-orders-12,orders,coupon_code,both,$.orders[].header.couponCode,/OperationsExport/Orders/Order/Header/Coupon_Code,trim source value and convert to the target string or numeric type without changing structured category case,Compare normalised non-missing values by table primary key; retain one canonical row only when equal; register any conflict (no silent source precedence).,Section 4 — orders; Section 5 reconciliation; VAL-SCHEMA/PK/FLOW
MAP-orders-13,orders,coupon_discount,both,$.orders[].header.couponDiscount,/OperationsExport/Orders/Order/Header/Coupon_Discount,convert numeric or percent-labelled value to numeric percentage points,Compare normalised non-missing values by table primary key; retain one canonical row only when equal; register any conflict (no silent source precedence).,Section 4 — orders; Section 5 reconciliation; VAL-SCHEMA/PK/FLOW
MAP-orders-14,orders,tax_amount,derived,derived canonical orders.order_price,derived canonical orders.order_price,"round(order_price / 11, 2), included GST",Compare normalised non-missing values by table primary key; retain one canonical row only when equal; register any conflict (no silent source precedence).,Section 4 — orders; Section 5 reconciliation; VAL-SCHEMA/PK/FLOW
MAP-orders-15,orders,order_total,derived,derived order_price | $.orders[].header.couponDiscount | $.orders[].header.deliveryCharges,derived order_price | /OperationsExport/Orders/Order/Header/Coupon_Discount | /OperationsExport/Orders/Order/Header/Delivery_Charges,"round(order_price * (1 - coupon_discount/100) + delivery_charges, 2)",Compare normalised non-missing values by table primary key; retain one canonical row only when equal; register any conflict (no silent source precedence).,Section 4 — orders; Section 5 reconciliation; VAL-SCHEMA/PK/FLOW
MAP-orders-16,orders,season,both,$.orders[].header.season,/OperationsExport/Orders/Order/Header/Season,trim source value and convert to the target string or numeric type without changing structured category case,Compare normalised non-missing values by table primary key; retain one canonical row only when equal; register any conflict (no silent source precedence).,Section 4 — orders; Section 5 reconciliation; VAL-SCHEMA/PK/FLOW
MAP-orders-17,orders,expedited_delivery,both,$.orders[].header.expeditedDelivery,/OperationsExport/Orders/Order/Header/Expedited_Delivery,map JSON boolean or XML Y/N to Python/CSV True or False,Compare normalised non-missing values by table primary key; retain one canonical row only when equal; register any conflict (no silent source precedence).,Section 4 — orders; Section 5 reconciliation; VAL-SCHEMA/PK/FLOW
MAP-orders-18,orders,customer_lat,both,$.orders[].header.customerLat,/OperationsExport/Orders/Order/Header/Customer_Lat,trim source value and convert to the target string or numeric type without changing structured category case,Compare normalised non-missing values by table primary key; retain one canonical row only when equal; register any conflict (no silent source precedence).,Section 4 — orders; Section 5 reconciliation; VAL-SCHEMA/PK/FLOW
MAP-orders-19,orders,customer_long,both,$.orders[].header.customerLong,/OperationsExport/Orders/Order/Header/Customer_Long,trim source value and convert to the target string or numeric type without changing structured category case,Compare normalised non-missing values by table primary key; retain one canonical row only when equal; register any conflict (no silent source precedence).,Section 4 — orders; Section 5 reconciliation; VAL-SCHEMA/PK/FLOW
MAP-orders-20,orders,device_type,both,$.orders[].header.deviceType,/OperationsExport/Orders/Order/Header/Device_Type,trim source value and convert to the target string or numeric type without changing structured category case,Compare normalised non-missing values by table primary key; retain one canonical row only when equal; register any conflict (no silent source precedence).,Section 4 — orders; Section 5 reconciliation; VAL-SCHEMA/PK/FLOW
MAP-orders-21,orders,referral_source,both,$.orders[].header.referralSource,/OperationsExport/Orders/Order/Header/Referral_Source,trim source value and convert to the target string or numeric type without changing structured category case,Compare normalised non-missing values by table primary key; retain one canonical row only when equal; register any conflict (no silent source precedence).,Section 4 — orders; Section 5 reconciliation; VAL-SCHEMA/PK/FLOW
MAP-orders-22,orders,customer_note_clean,both,$.orders[].header.customerNote,/OperationsExport/Orders/Order/Header/Customer_Note,"extract promo first; then entity decode, NFC, bounded tag/marker/URL/emoji/promo removal, whitespace collapse and lowercase; literal NaN if empty",Compare normalised non-missing values by table primary key; retain one canonical row only when equal; register any conflict (no silent source precedence).,Section 4 — orders; Section 5 reconciliation; VAL-SCHEMA/PK/FLOW
MAP-orders-23,orders,promo_code,both,$.orders[].header.customerNote,/OperationsExport/Orders/Order/Header/Customer_Note,bounded extraction from raw customer note; uppercase or literal NaN,Compare normalised non-missing values by table primary key; retain one canonical row only when equal; register any conflict (no silent source precedence).,Section 4 — orders; Section 5 reconciliation; VAL-SCHEMA/PK/FLOW
MAP-order_items-01,order_items,order_item_id,both,$.orders[].shoppingCart[].orderItemID,/OperationsExport/Orders/Order/Shopping_Cart/Item/Order_Item_ID,trim and preserve identifier/category case and leading zeros; no invented identity,Compare normalised non-missing values by table primary key; retain one canonical row only when equal; register any conflict (no silent source precedence).,Section 4 — order_items; Section 5 reconciliation; VAL-SCHEMA/PK/FLOW
MAP-order_items-02,order_items,order_id,both,$.orders[].shoppingCart[].orderID,/OperationsExport/Orders/Order/Shopping_Cart/Item/Order_ID,trim and preserve identifier/category case and leading zeros; no invented identity,Compare normalised non-missing values by table primary key; retain one canonical row only when equal; register any conflict (no silent source precedence).,Section 4 — order_items; Section 5 reconciliation; VAL-SCHEMA/PK/FLOW
MAP-order_items-03,order_items,product_id,both,$.orders[].shoppingCart[].productID,/OperationsExport/Orders/Order/Shopping_Cart/Item/Product_ID,trim and preserve identifier/category case and leading zeros; no invented identity,Compare normalised non-missing values by table primary key; retain one canonical row only when equal; register any conflict (no silent source precedence).,Section 4 — order_items; Section 5 reconciliation; VAL-SCHEMA/PK/FLOW
MAP-order_items-04,order_items,quantity,both,$.orders[].shoppingCart[].quantity,/OperationsExport/Orders/Order/Shopping_Cart/Item/Quantity,trim source value and convert to the target string or numeric type without changing structured category case,Compare normalised non-missing values by table primary key; retain one canonical row only when equal; register any conflict (no silent source precedence).,Section 4 — order_items; Section 5 reconciliation; VAL-SCHEMA/PK/FLOW
MAP-order_items-05,order_items,unit_price,both,$.orders[].shoppingCart[].unitPrice,/OperationsExport/Orders/Order/Shopping_Cart/Item/Unit_Price,"remove AUD label/thousands separators, convert numeric and round monetary value to 2 decimals where published",Compare normalised non-missing values by table primary key; retain one canonical row only when equal; register any conflict (no silent source precedence).,Section 4 — order_items; Section 5 reconciliation; VAL-SCHEMA/PK/FLOW
MAP-order_items-06,order_items,line_revenue,derived,$.orders[].shoppingCart[].quantity | $.orders[].shoppingCart[].unitPrice,/OperationsExport/Orders/Order/Shopping_Cart/Item/Quantity | /OperationsExport/Orders/Order/Shopping_Cart/Item/Unit_Price,"round(quantity * unit_price, 2)",Compare normalised non-missing values by table primary key; retain one canonical row only when equal; register any conflict (no silent source precedence).,Section 4 — order_items; Section 5 reconciliation; VAL-SCHEMA/PK/FLOW
MAP-customers-01,customers,customer_id,JSON,$.customerProfiles[].customerID,,trim and preserve identifier/category case and leading zeros; no invented identity,Compare normalised non-missing values by table primary key; retain one canonical row only when equal; register any conflict (no silent source precedence).,Section 4 — customers; Section 5 reconciliation; VAL-SCHEMA/PK/FLOW
MAP-customers-02,customers,signup_date,JSON,$.customerProfiles[].signupDate,,parse source-specific date (ISO or day-first) and format YYYY-MM-DD,Compare normalised non-missing values by table primary key; retain one canonical row only when equal; register any conflict (no silent source precedence).,Section 4 — customers; Section 5 reconciliation; VAL-SCHEMA/PK/FLOW
MAP-customers-03,customers,loyalty_tier,JSON,$.customerProfiles[].loyaltyTier,,trim source value and convert to the target string or numeric type without changing structured category case,Compare normalised non-missing values by table primary key; retain one canonical row only when equal; register any conflict (no silent source precedence).,Section 4 — customers; Section 5 reconciliation; VAL-SCHEMA/PK/FLOW
MAP-customers-04,customers,customer_segment,JSON,$.customerProfiles[].customerSegment,,trim source value and convert to the target string or numeric type without changing structured category case,Compare normalised non-missing values by table primary key; retain one canonical row only when equal; register any conflict (no silent source precedence).,Section 4 — customers; Section 5 reconciliation; VAL-SCHEMA/PK/FLOW
MAP-customers-05,customers,age_band,JSON,$.customerProfiles[].ageBand,,trim source value and convert to the target string or numeric type without changing structured category case,Compare normalised non-missing values by table primary key; retain one canonical row only when equal; register any conflict (no silent source precedence).,Section 4 — customers; Section 5 reconciliation; VAL-SCHEMA/PK/FLOW
MAP-customers-06,customers,preferred_channel,JSON,$.customerProfiles[].preferredChannel,,trim source value and convert to the target string or numeric type without changing structured category case,Compare normalised non-missing values by table primary key; retain one canonical row only when equal; register any conflict (no silent source precedence).,Section 4 — customers; Section 5 reconciliation; VAL-SCHEMA/PK/FLOW
MAP-customers-07,customers,home_suburb,JSON,$.customerProfiles[].homeSuburb,,trim source value and convert to the target string or numeric type without changing structured category case,Compare normalised non-missing values by table primary key; retain one canonical row only when equal; register any conflict (no silent source precedence).,Section 4 — customers; Section 5 reconciliation; VAL-SCHEMA/PK/FLOW
MAP-customers-08,customers,prior_12m_orders,JSON,$.customerProfiles[].prior12MOrders,,trim source value and convert to the target string or numeric type without changing structured category case,Compare normalised non-missing values by table primary key; retain one canonical row only when equal; register any conflict (no silent source precedence).,Section 4 — customers; Section 5 reconciliation; VAL-SCHEMA/PK/FLOW
MAP-customers-09,customers,lifetime_value_before_period,JSON,$.customerProfiles[].lifetimeValueBeforePeriod,,"remove AUD label/thousands separators, convert numeric and round monetary value to 2 decimals where published",Compare normalised non-missing values by table primary key; retain one canonical row only when equal; register any conflict (no silent source precedence).,Section 4 — customers; Section 5 reconciliation; VAL-SCHEMA/PK/FLOW
MAP-customers-10,customers,marketing_consent,JSON,$.customerProfiles[].marketingConsent,,map JSON boolean or XML Y/N to Python/CSV True or False,Compare normalised non-missing values by table primary key; retain one canonical row only when equal; register any conflict (no silent source precedence).,Section 4 — customers; Section 5 reconciliation; VAL-SCHEMA/PK/FLOW
MAP-customers-11,customers,home_postcode,JSON,$.customerProfiles[].homePostcode,,trim and preserve identifier/category case and leading zeros; no invented identity,Compare normalised non-missing values by table primary key; retain one canonical row only when equal; register any conflict (no silent source precedence).,Section 4 — customers; Section 5 reconciliation; VAL-SCHEMA/PK/FLOW
MAP-customers-12,customers,home_state,JSON,$.customerProfiles[].homeState,,trim source value and convert to the target string or numeric type without changing structured category case,Compare normalised non-missing values by table primary key; retain one canonical row only when equal; register any conflict (no silent source precedence).,Section 4 — customers; Section 5 reconciliation; VAL-SCHEMA/PK/FLOW
MAP-customers-13,customers,home_country,JSON,$.customerProfiles[].homeCountry,,trim source value and convert to the target string or numeric type without changing structured category case,Compare normalised non-missing values by table primary key; retain one canonical row only when equal; register any conflict (no silent source precedence).,Section 4 — customers; Section 5 reconciliation; VAL-SCHEMA/PK/FLOW
MAP-customers-14,customers,preferred_language,JSON,$.customerProfiles[].preferredLanguage,,trim source value and convert to the target string or numeric type without changing structured category case,Compare normalised non-missing values by table primary key; retain one canonical row only when equal; register any conflict (no silent source precedence).,Section 4 — customers; Section 5 reconciliation; VAL-SCHEMA/PK/FLOW
MAP-customers-15,customers,acquisition_source,JSON,$.customerProfiles[].acquisitionSource,,trim source value and convert to the target string or numeric type without changing structured category case,Compare normalised non-missing values by table primary key; retain one canonical row only when equal; register any conflict (no silent source precedence).,Section 4 — customers; Section 5 reconciliation; VAL-SCHEMA/PK/FLOW
MAP-customers-16,customers,account_status,JSON,$.customerProfiles[].accountStatus,,trim source value and convert to the target string or numeric type without changing structured category case,Compare normalised non-missing values by table primary key; retain one canonical row only when equal; register any conflict (no silent source precedence).,Section 4 — customers; Section 5 reconciliation; VAL-SCHEMA/PK/FLOW
MAP-customers-17,customers,preferred_device,JSON,$.customerProfiles[].preferredDevice,,trim source value and convert to the target string or numeric type without changing structured category case,Compare normalised non-missing values by table primary key; retain one canonical row only when equal; register any conflict (no silent source precedence).,Section 4 — customers; Section 5 reconciliation; VAL-SCHEMA/PK/FLOW
MAP-customers-18,customers,email_domain,JSON,$.customerProfiles[].emailDomain,,trim source value and convert to the target string or numeric type without changing structured category case,Compare normalised non-missing values by table primary key; retain one canonical row only when equal; register any conflict (no silent source precedence).,Section 4 — customers; Section 5 reconciliation; VAL-SCHEMA/PK/FLOW
MAP-customers-19,customers,household_size_band,JSON,$.customerProfiles[].householdSizeBand,,trim source value and convert to the target string or numeric type without changing structured category case,Compare normalised non-missing values by table primary key; retain one canonical row only when equal; register any conflict (no silent source precedence).,Section 4 — customers; Section 5 reconciliation; VAL-SCHEMA/PK/FLOW
MAP-customers-20,customers,contact_frequency_preference,JSON,$.customerProfiles[].contactFrequencyPreference,,trim source value and convert to the target string or numeric type without changing structured category case,Compare normalised non-missing values by table primary key; retain one canonical row only when equal; register any conflict (no silent source precedence).,Section 4 — customers; Section 5 reconciliation; VAL-SCHEMA/PK/FLOW
MAP-deliveries-01,deliveries,delivery_id,both,$.orders[].delivery.deliveryID,/OperationsExport/Orders/Order/Delivery/Delivery_ID,trim and preserve identifier/category case and leading zeros; no invented identity,Compare normalised non-missing values by table primary key; retain one canonical row only when equal; register any conflict (no silent source precedence).,Section 4 — deliveries; Section 5 reconciliation; VAL-SCHEMA/PK/FLOW
MAP-deliveries-02,deliveries,order_id,both,$.orders[].delivery.orderID,/OperationsExport/Orders/Order/Delivery/Order_ID,trim and preserve identifier/category case and leading zeros; no invented identity,Compare normalised non-missing values by table primary key; retain one canonical row only when equal; register any conflict (no silent source precedence).,Section 4 — deliveries; Section 5 reconciliation; VAL-SCHEMA/PK/FLOW
MAP-deliveries-03,deliveries,dispatch_date,both,$.orders[].delivery.dispatchDate,/OperationsExport/Orders/Order/Delivery/Dispatch_Date,parse source-specific date (ISO or day-first) and format YYYY-MM-DD,Compare normalised non-missing values by table primary key; retain one canonical row only when equal; register any conflict (no silent source precedence).,Section 4 — deliveries; Section 5 reconciliation; VAL-SCHEMA/PK/FLOW
MAP-deliveries-04,deliveries,promised_date,both,$.orders[].delivery.promisedDate,/OperationsExport/Orders/Order/Delivery/Promised_Date,parse source-specific date (ISO or day-first) and format YYYY-MM-DD,Compare normalised non-missing values by table primary key; retain one canonical row only when equal; register any conflict (no silent source precedence).,Section 4 — deliveries; Section 5 reconciliation; VAL-SCHEMA/PK/FLOW
MAP-deliveries-05,deliveries,delivered_date,both,$.orders[].delivery.deliveredDate,/OperationsExport/Orders/Order/Delivery/Delivered_Date,parse source-specific date (ISO or day-first) and format YYYY-MM-DD,Compare normalised non-missing values by table primary key; retain one canonical row only when equal; register any conflict (no silent source precedence).,Section 4 — deliveries; Section 5 reconciliation; VAL-SCHEMA/PK/FLOW
MAP-deliveries-06,deliveries,carrier,both,$.orders[].delivery.carrier,/OperationsExport/Orders/Order/Delivery/Carrier,trim source value and convert to the target string or numeric type without changing structured category case,Compare normalised non-missing values by table primary key; retain one canonical row only when equal; register any conflict (no silent source precedence).,Section 4 — deliveries; Section 5 reconciliation; VAL-SCHEMA/PK/FLOW
MAP-deliveries-07,deliveries,service_level,both,$.orders[].delivery.serviceLevel,/OperationsExport/Orders/Order/Delivery/Service_Level,trim source value and convert to the target string or numeric type without changing structured category case,Compare normalised non-missing values by table primary key; retain one canonical row only when equal; register any conflict (no silent source precedence).,Section 4 — deliveries; Section 5 reconciliation; VAL-SCHEMA/PK/FLOW
MAP-deliveries-08,deliveries,delivery_status,both,$.orders[].delivery.deliveryStatus,/OperationsExport/Orders/Order/Delivery/Delivery_Status,trim source value and convert to the target string or numeric type without changing structured category case,Compare normalised non-missing values by table primary key; retain one canonical row only when equal; register any conflict (no silent source precedence).,Section 4 — deliveries; Section 5 reconciliation; VAL-SCHEMA/PK/FLOW
MAP-deliveries-09,deliveries,delay_days,both,$.orders[].delivery.delayDays,/OperationsExport/Orders/Order/Delivery/Delay_Days,trim source value and convert to the target string or numeric type without changing structured category case,Compare normalised non-missing values by table primary key; retain one canonical row only when equal; register any conflict (no silent source precedence).,Section 4 — deliveries; Section 5 reconciliation; VAL-SCHEMA/PK/FLOW
MAP-deliveries-10,deliveries,on_time_in_full,both,$.orders[].delivery.onTimeInFull,/OperationsExport/Orders/Order/Delivery/On_Time_In_Full,map JSON boolean or XML Y/N to Python/CSV True or False,Compare normalised non-missing values by table primary key; retain one canonical row only when equal; register any conflict (no silent source precedence).,Section 4 — deliveries; Section 5 reconciliation; VAL-SCHEMA/PK/FLOW
MAP-deliveries-11,deliveries,fulfilment_hours,both,$.orders[].delivery.fulfilmentHours,/OperationsExport/Orders/Order/Delivery/Fulfilment_Hours,trim source value and convert to the target string or numeric type without changing structured category case,Compare normalised non-missing values by table primary key; retain one canonical row only when equal; register any conflict (no silent source precedence).,Section 4 — deliveries; Section 5 reconciliation; VAL-SCHEMA/PK/FLOW
MAP-deliveries-12,deliveries,delivery_cost,both,$.orders[].delivery.deliveryCost,/OperationsExport/Orders/Order/Delivery/Delivery_Cost,"remove AUD label/thousands separators, convert numeric and round monetary value to 2 decimals where published",Compare normalised non-missing values by table primary key; retain one canonical row only when equal; register any conflict (no silent source precedence).,Section 4 — deliveries; Section 5 reconciliation; VAL-SCHEMA/PK/FLOW
MAP-deliveries-13,deliveries,delay_reason,both,$.orders[].delivery.delayReason,/OperationsExport/Orders/Order/Delivery/Delay_Reason,trim source value and convert to the target string or numeric type without changing structured category case,Compare normalised non-missing values by table primary key; retain one canonical row only when equal; register any conflict (no silent source precedence).,Section 4 — deliveries; Section 5 reconciliation; VAL-SCHEMA/PK/FLOW
MAP-deliveries-14,deliveries,promised_days,both,$.orders[].delivery.promisedDays,/OperationsExport/Orders/Order/Delivery/Promised_Days,trim source value and convert to the target string or numeric type without changing structured category case,Compare normalised non-missing values by table primary key; retain one canonical row only when equal; register any conflict (no silent source precedence).,Section 4 — deliveries; Section 5 reconciliation; VAL-SCHEMA/PK/FLOW
MAP-deliveries-15,deliveries,tracking_event_count,both,$.orders[].delivery.trackingEventCount,/OperationsExport/Orders/Order/Delivery/Tracking_Event_Count,trim source value and convert to the target string or numeric type without changing structured category case,Compare normalised non-missing values by table primary key; retain one canonical row only when equal; register any conflict (no silent source precedence).,Section 4 — deliveries; Section 5 reconciliation; VAL-SCHEMA/PK/FLOW
MAP-deliveries-16,deliveries,delivery_window,both,$.orders[].delivery.deliveryWindow,/OperationsExport/Orders/Order/Delivery/Delivery_Window,trim source value and convert to the target string or numeric type without changing structured category case,Compare normalised non-missing values by table primary key; retain one canonical row only when equal; register any conflict (no silent source precedence).,Section 4 — deliveries; Section 5 reconciliation; VAL-SCHEMA/PK/FLOW
MAP-deliveries-17,deliveries,shipping_distance_km,both,$.orders[].delivery.shippingDistanceKm,/OperationsExport/Orders/Order/Delivery/Shipping_Distance_Km,trim source value and convert to the target string or numeric type without changing structured category case,Compare normalised non-missing values by table primary key; retain one canonical row only when equal; register any conflict (no silent source precedence).,Section 4 — deliveries; Section 5 reconciliation; VAL-SCHEMA/PK/FLOW
MAP-deliveries-18,deliveries,signature_required,both,$.orders[].delivery.signatureRequired,/OperationsExport/Orders/Order/Delivery/Signature_Required,map JSON boolean or XML Y/N to Python/CSV True or False,Compare normalised non-missing values by table primary key; retain one canonical row only when equal; register any conflict (no silent source precedence).,Section 4 — deliveries; Section 5 reconciliation; VAL-SCHEMA/PK/FLOW
MAP-deliveries-19,deliveries,estimated_carbon_kg,both,$.orders[].delivery.estimatedCarbonKg,/OperationsExport/Orders/Order/Delivery/Estimated_Carbon_Kg,trim source value and convert to the target string or numeric type without changing structured category case,Compare normalised non-missing values by table primary key; retain one canonical row only when equal; register any conflict (no silent source precedence).,Section 4 — deliveries; Section 5 reconciliation; VAL-SCHEMA/PK/FLOW
MAP-deliveries-20,deliveries,delivery_note_clean,both,$.orders[].delivery.deliveryNoteClean,/OperationsExport/Orders/Order/Delivery/Delivery_Note_Clean,"entity decode, NFC, bounded narrative cleaning and lowercase; literal NaN if empty",Compare normalised non-missing values by table primary key; retain one canonical row only when equal; register any conflict (no silent source precedence).,Section 4 — deliveries; Section 5 reconciliation; VAL-SCHEMA/PK/FLOW
MAP-products-01,products,product_id,XML,,/OperationsExport/ProductCatalogue/Product/Product_ID,trim and preserve identifier/category case and leading zeros; no invented identity,Compare normalised non-missing values by table primary key; retain one canonical row only when equal; register any conflict (no silent source precedence).,Section 4 — products; Section 5 reconciliation; VAL-SCHEMA/PK/FLOW
MAP-products-02,products,product_name,XML,,/OperationsExport/ProductCatalogue/Product/Product_Name,trim source value and convert to the target string or numeric type without changing structured category case,Compare normalised non-missing values by table primary key; retain one canonical row only when equal; register any conflict (no silent source precedence).,Section 4 — products; Section 5 reconciliation; VAL-SCHEMA/PK/FLOW
MAP-products-03,products,category,XML,,/OperationsExport/ProductCatalogue/Product/Category,trim source value and convert to the target string or numeric type without changing structured category case,Compare normalised non-missing values by table primary key; retain one canonical row only when equal; register any conflict (no silent source precedence).,Section 4 — products; Section 5 reconciliation; VAL-SCHEMA/PK/FLOW
MAP-products-04,products,brand,XML,,/OperationsExport/ProductCatalogue/Product/Brand,trim source value and convert to the target string or numeric type without changing structured category case,Compare normalised non-missing values by table primary key; retain one canonical row only when equal; register any conflict (no silent source precedence).,Section 4 — products; Section 5 reconciliation; VAL-SCHEMA/PK/FLOW
MAP-products-05,products,unit_price,XML,,/OperationsExport/ProductCatalogue/Product/Unit_Price,"remove AUD label/thousands separators, convert numeric and round monetary value to 2 decimals where published",Compare normalised non-missing values by table primary key; retain one canonical row only when equal; register any conflict (no silent source precedence).,Section 4 — products; Section 5 reconciliation; VAL-SCHEMA/PK/FLOW
MAP-products-06,products,unit_cost,XML,,/OperationsExport/ProductCatalogue/Product/Unit_Cost,"remove AUD label/thousands separators, convert numeric and round monetary value to 2 decimals where published",Compare normalised non-missing values by table primary key; retain one canonical row only when equal; register any conflict (no silent source precedence).,Section 4 — products; Section 5 reconciliation; VAL-SCHEMA/PK/FLOW
MAP-products-07,products,launch_year,XML,,/OperationsExport/ProductCatalogue/Product/Launch_Year,trim source value and convert to the target string or numeric type without changing structured category case,Compare normalised non-missing values by table primary key; retain one canonical row only when equal; register any conflict (no silent source precedence).,Section 4 — products; Section 5 reconciliation; VAL-SCHEMA/PK/FLOW
MAP-products-08,products,warranty_months,XML,,/OperationsExport/ProductCatalogue/Product/Warranty_Months,trim source value and convert to the target string or numeric type without changing structured category case,Compare normalised non-missing values by table primary key; retain one canonical row only when equal; register any conflict (no silent source precedence).,Section 4 — products; Section 5 reconciliation; VAL-SCHEMA/PK/FLOW
MAP-products-09,products,weight_kg,XML,,/OperationsExport/ProductCatalogue/Product/Weight_Kg,trim source value and convert to the target string or numeric type without changing structured category case,Compare normalised non-missing values by table primary key; retain one canonical row only when equal; register any conflict (no silent source precedence).,Section 4 — products; Section 5 reconciliation; VAL-SCHEMA/PK/FLOW
MAP-products-10,products,product_sku,XML,,/OperationsExport/ProductCatalogue/Product/Product_Sku,trim and preserve identifier/category case and leading zeros; no invented identity,Compare normalised non-missing values by table primary key; retain one canonical row only when equal; register any conflict (no silent source precedence).,Section 4 — products; Section 5 reconciliation; VAL-SCHEMA/PK/FLOW
MAP-products-11,products,subcategory,XML,,/OperationsExport/ProductCatalogue/Product/Subcategory,trim source value and convert to the target string or numeric type without changing structured category case,Compare normalised non-missing values by table primary key; retain one canonical row only when equal; register any conflict (no silent source precedence).,Section 4 — products; Section 5 reconciliation; VAL-SCHEMA/PK/FLOW
MAP-products-12,products,model_family,XML,,/OperationsExport/ProductCatalogue/Product/Model_Family,trim source value and convert to the target string or numeric type without changing structured category case,Compare normalised non-missing values by table primary key; retain one canonical row only when equal; register any conflict (no silent source precedence).,Section 4 — products; Section 5 reconciliation; VAL-SCHEMA/PK/FLOW
MAP-products-13,products,colour,XML,,/OperationsExport/ProductCatalogue/Product/Colour,trim source value and convert to the target string or numeric type without changing structured category case,Compare normalised non-missing values by table primary key; retain one canonical row only when equal; register any conflict (no silent source precedence).,Section 4 — products; Section 5 reconciliation; VAL-SCHEMA/PK/FLOW
MAP-products-14,products,supplier_id,XML,,/OperationsExport/ProductCatalogue/Product/Supplier_ID,trim and preserve identifier/category case and leading zeros; no invented identity,Compare normalised non-missing values by table primary key; retain one canonical row only when equal; register any conflict (no silent source precedence).,Section 4 — products; Section 5 reconciliation; VAL-SCHEMA/PK/FLOW
MAP-products-15,products,supplier_country,XML,,/OperationsExport/ProductCatalogue/Product/Supplier_Country,trim source value and convert to the target string or numeric type without changing structured category case,Compare normalised non-missing values by table primary key; retain one canonical row only when equal; register any conflict (no silent source precedence).,Section 4 — products; Section 5 reconciliation; VAL-SCHEMA/PK/FLOW
MAP-products-16,products,launch_date,XML,,/OperationsExport/ProductCatalogue/Product/Launch_Date,parse source-specific date (ISO or day-first) and format YYYY-MM-DD,Compare normalised non-missing values by table primary key; retain one canonical row only when equal; register any conflict (no silent source precedence).,Section 4 — products; Section 5 reconciliation; VAL-SCHEMA/PK/FLOW
MAP-products-17,products,tax_category,XML,,/OperationsExport/ProductCatalogue/Product/Tax_Category,trim source value and convert to the target string or numeric type without changing structured category case,Compare normalised non-missing values by table primary key; retain one canonical row only when equal; register any conflict (no silent source precedence).,Section 4 — products; Section 5 reconciliation; VAL-SCHEMA/PK/FLOW
MAP-products-18,products,package_type,XML,,/OperationsExport/ProductCatalogue/Product/Package_Type,trim source value and convert to the target string or numeric type without changing structured category case,Compare normalised non-missing values by table primary key; retain one canonical row only when equal; register any conflict (no silent source precedence).,Section 4 — products; Section 5 reconciliation; VAL-SCHEMA/PK/FLOW
MAP-products-19,products,recyclable_packaging,XML,,/OperationsExport/ProductCatalogue/Product/Recyclable_Packaging,map JSON boolean or XML Y/N to Python/CSV True or False,Compare normalised non-missing values by table primary key; retain one canonical row only when equal; register any conflict (no silent source precedence).,Section 4 — products; Section 5 reconciliation; VAL-SCHEMA/PK/FLOW
MAP-products-20,products,active_flag,XML,,/OperationsExport/ProductCatalogue/Product/Active_Flag,map JSON boolean or XML Y/N to Python/CSV True or False,Compare normalised non-missing values by table primary key; retain one canonical row only when equal; register any conflict (no silent source precedence).,Section 4 — products; Section 5 reconciliation; VAL-SCHEMA/PK/FLOW
MAP-products-21,products,product_description_clean,XML,,/OperationsExport/ProductCatalogue/Product/Product_Description,"entity decode, NFC, bounded tag/marker/URL/emoji removal, whitespace collapse and lowercase; literal NaN if empty",Compare normalised non-missing values by table primary key; retain one canonical row only when equal; register any conflict (no silent source precedence).,Section 4 — products; Section 5 reconciliation; VAL-SCHEMA/PK/FLOW
MAP-product_reviews-01,product_reviews,review_id,both,$.productReviews[].reviewID,/OperationsExport/ProductReviews/Review/Review_ID,trim and preserve identifier/category case and leading zeros; no invented identity,Compare normalised non-missing values by table primary key; retain one canonical row only when equal; register any conflict (no silent source precedence).,Section 4 — product_reviews; Section 5 reconciliation; VAL-SCHEMA/PK/FLOW
MAP-product_reviews-02,product_reviews,order_id,both,$.productReviews[].orderID,/OperationsExport/ProductReviews/Review/Order_ID,trim and preserve identifier/category case and leading zeros; no invented identity,Compare normalised non-missing values by table primary key; retain one canonical row only when equal; register any conflict (no silent source precedence).,Section 4 — product_reviews; Section 5 reconciliation; VAL-SCHEMA/PK/FLOW
MAP-product_reviews-03,product_reviews,order_item_id,both,$.productReviews[].orderItemID,/OperationsExport/ProductReviews/Review/Order_Item_ID,trim and preserve identifier/category case and leading zeros; no invented identity,Compare normalised non-missing values by table primary key; retain one canonical row only when equal; register any conflict (no silent source precedence).,Section 4 — product_reviews; Section 5 reconciliation; VAL-SCHEMA/PK/FLOW
MAP-product_reviews-04,product_reviews,product_id,both,$.productReviews[].productID,/OperationsExport/ProductReviews/Review/Product_ID,trim and preserve identifier/category case and leading zeros; no invented identity,Compare normalised non-missing values by table primary key; retain one canonical row only when equal; register any conflict (no silent source precedence).,Section 4 — product_reviews; Section 5 reconciliation; VAL-SCHEMA/PK/FLOW
MAP-product_reviews-05,product_reviews,customer_id,both,$.productReviews[].customerID,/OperationsExport/ProductReviews/Review/Customer_ID,trim and preserve identifier/category case and leading zeros; no invented identity,Compare normalised non-missing values by table primary key; retain one canonical row only when equal; register any conflict (no silent source precedence).,Section 4 — product_reviews; Section 5 reconciliation; VAL-SCHEMA/PK/FLOW
MAP-product_reviews-06,product_reviews,review_timestamp,both,$.productReviews[].reviewTimestamp,/OperationsExport/ProductReviews/Review/Review_Timestamp,parse source-specific timestamp and format YYYY-MM-DD HH:MM:SS,Compare normalised non-missing values by table primary key; retain one canonical row only when equal; register any conflict (no silent source precedence).,Section 4 — product_reviews; Section 5 reconciliation; VAL-SCHEMA/PK/FLOW
MAP-product_reviews-07,product_reviews,language_code,both,$.productReviews[].languageCode,/OperationsExport/ProductReviews/Review/Language_Code,trim source value and convert to the target string or numeric type without changing structured category case,Compare normalised non-missing values by table primary key; retain one canonical row only when equal; register any conflict (no silent source precedence).,Section 4 — product_reviews; Section 5 reconciliation; VAL-SCHEMA/PK/FLOW
MAP-product_reviews-08,product_reviews,rating,both,$.productReviews[].rating,/OperationsExport/ProductReviews/Review/Rating,trim source value and convert to the target string or numeric type without changing structured category case,Compare normalised non-missing values by table primary key; retain one canonical row only when equal; register any conflict (no silent source precedence).,Section 4 — product_reviews; Section 5 reconciliation; VAL-SCHEMA/PK/FLOW
MAP-product_reviews-09,product_reviews,review_title,both,$.productReviews[].reviewTitle,/OperationsExport/ProductReviews/Review/Review_Title,trim source value and convert to the target string or numeric type without changing structured category case,Compare normalised non-missing values by table primary key; retain one canonical row only when equal; register any conflict (no silent source precedence).,Section 4 — product_reviews; Section 5 reconciliation; VAL-SCHEMA/PK/FLOW
MAP-product_reviews-10,product_reviews,review_body_clean,both,$.productReviews[].reviewText,/OperationsExport/ProductReviews/Review/Review_Text,contract-order HTML/entity/marker/URL/emoji/reference cleaning; NFC and lowercase,Compare normalised non-missing values by table primary key; retain one canonical row only when equal; register any conflict (no silent source precedence).,Section 4 — product_reviews; Section 5 reconciliation; VAL-SCHEMA/PK/FLOW
MAP-product_reviews-11,product_reviews,review_body_latin_analysis,derived,derived product_reviews.review_body_clean,derived product_reviews.review_body_clean,"derive from review_body_clean, retaining Latin letters/diacritics, digits and punctuation",Compare normalised non-missing values by table primary key; retain one canonical row only when equal; register any conflict (no silent source precedence).,Section 4 — product_reviews; Section 5 reconciliation; VAL-SCHEMA/PK/FLOW
MAP-product_reviews-12,product_reviews,verified_purchase,both,$.productReviews[].verifiedPurchase,/OperationsExport/ProductReviews/Review/Verified_Purchase,map JSON boolean or XML Y/N to Python/CSV True or False,Compare normalised non-missing values by table primary key; retain one canonical row only when equal; register any conflict (no silent source precedence).,Section 4 — product_reviews; Section 5 reconciliation; VAL-SCHEMA/PK/FLOW
MAP-product_reviews-13,product_reviews,helpful_votes,both,$.productReviews[].helpfulVotes,/OperationsExport/ProductReviews/Review/Helpful_Votes,trim source value and convert to the target string or numeric type without changing structured category case,Compare normalised non-missing values by table primary key; retain one canonical row only when equal; register any conflict (no silent source precedence).,Section 4 — product_reviews; Section 5 reconciliation; VAL-SCHEMA/PK/FLOW
MAP-product_reviews-14,product_reviews,review_length_chars,derived,derived product_reviews.review_body_clean,derived product_reviews.review_body_clean,0 for sentinel NaN else Python len(review_body_clean),Compare normalised non-missing values by table primary key; retain one canonical row only when equal; register any conflict (no silent source precedence).,Section 4 — product_reviews; Section 5 reconciliation; VAL-SCHEMA/PK/FLOW
MAP-product_reviews-15,product_reviews,review_word_count,derived,derived product_reviews.review_body_clean,derived product_reviews.review_body_clean,0 for sentinel NaN else whitespace token count,Compare normalised non-missing values by table primary key; retain one canonical row only when equal; register any conflict (no silent source precedence).,Section 4 — product_reviews; Section 5 reconciliation; VAL-SCHEMA/PK/FLOW
MAP-product_reviews-16,product_reviews,contains_non_latin_script,derived,derived product_reviews.review_body_clean,derived product_reviews.review_body_clean,true iff cleaned review contains a letter outside Latin script,Compare normalised non-missing values by table primary key; retain one canonical row only when equal; register any conflict (no silent source precedence).,Section 4 — product_reviews; Section 5 reconciliation; VAL-SCHEMA/PK/FLOW
MAP-product_reviews-17,product_reviews,extracted_order_reference,both,$.productReviews[].reviewText,/OperationsExport/ProductReviews/Review/Review_Text,bounded extraction from raw review; uppercase or literal NaN,Compare normalised non-missing values by table primary key; retain one canonical row only when equal; register any conflict (no silent source precedence).,Section 4 — product_reviews; Section 5 reconciliation; VAL-SCHEMA/PK/FLOW
MAP-product_reviews-18,product_reviews,extracted_product_sku,both,$.productReviews[].reviewText,/OperationsExport/ProductReviews/Review/Review_Text,bounded extraction from raw review; uppercase or literal NaN,Compare normalised non-missing values by table primary key; retain one canonical row only when equal; register any conflict (no silent source precedence).,Section 4 — product_reviews; Section 5 reconciliation; VAL-SCHEMA/PK/FLOW
MAP-product_reviews-19,product_reviews,delivery_experience,both,$.productReviews[].deliveryExperience,/OperationsExport/ProductReviews/Review/Delivery_Experience,trim source value and convert to the target string or numeric type without changing structured category case,Compare normalised non-missing values by table primary key; retain one canonical row only when equal; register any conflict (no silent source precedence).,Section 4 — product_reviews; Section 5 reconciliation; VAL-SCHEMA/PK/FLOW
MAP-product_reviews-20,product_reviews,value_experience,both,$.productReviews[].valueExperience,/OperationsExport/ProductReviews/Review/Value_Experience,trim source value and convert to the target string or numeric type without changing structured category case,Compare normalised non-missing values by table primary key; retain one canonical row only when equal; register any conflict (no silent source precedence).,Section 4 — product_reviews; Section 5 reconciliation; VAL-SCHEMA/PK/FLOW
MAP-product_reviews-21,product_reviews,writing_style,both,$.productReviews[].writingStyle,/OperationsExport/ProductReviews/Review/Writing_Style,trim source value and convert to the target string or numeric type without changing structured category case,Compare normalised non-missing values by table primary key; retain one canonical row only when equal; register any conflict (no silent source precedence).,Section 4 — product_reviews; Section 5 reconciliation; VAL-SCHEMA/PK/FLOW
