customer_id,signup_date,loyalty_tier,customer_segment,age_band,preferred_channel,home_suburb,prior_12m_orders,lifetime_value_before_period,marketing_consent,home_postcode,home_state,home_country,preferred_language,acquisition_source,account_status,preferred_device,email_domain,household_size_band,contact_frequency_preference
CUS00001,2016-03-17,Silver,Small Business,25-34,Store,Hawthorn,5,1876.75,False,3122,VIC,Australia,nl,Paid Search,Active,Mobile,example.net,2,Quarterly
CUS00002,2017-12-10,Bronze,Mainstream,45-54,Store,Hawthorn,14,5191.82,True,3122,VIC,Australia,de,Organic,Active,Mobile,inbox.example,3-4,Weekly
CUS00003,2014-09-05,Gold,Mainstream,35-44,Mobile,St Kilda,2,2135.34,True,3182,VIC,Australia,pl,Store,Active,Desktop,mail.test,5+,Monthly
CUS00004,2015-12-23,Silver,Value,18-24,Mobile,St Kilda,13,3751.51,True,3182,VIC,Australia,fr,Paid Search,Active,Tablet,example.net,3-4,Weekly
CUS00005,2014-09-02,Gold,Small Business,35-44,Web,Carlton,12,9794.51,True,3053,VIC,Australia,ja,Social,Active,Desktop,example.net,1,Quarterly
CUS00006,2014-03-08,Gold,Mainstream,55+,Mobile,Carlton,8,7941.3,True,3053,VIC,Australia,es,Store,Active,Mobile,inbox.example,5+,Monthly
CUS00007,2017-07-06,Bronze,Value,25-34,Mobile,Docklands,1,1742.23,True,3008,VIC,Australia,en,Referral,Active,Tablet,inbox.example,1,Essential only
CUS00008,2017-02-21,Bronze,Mainstream,35-44,Store,Hawthorn,15,4674.94,False,3122,VIC,Australia,it,Organic,Active,Tablet,mail.test,2,Essential only
CUS00009,2015-09-17,Silver,Value,25-34,Store,Northcote,4,1786.6,False,3070,VIC,Australia,ar,Paid Search,Active,Tablet,mail.test,5+,Quarterly
CUS00010,2014-06-21,Gold,Value,45-54,Mobile,Southbank,4,3580.95,True,3006,VIC,Australia,pt,Store,Active,Mobile,mail.test,2,Monthly
CUS00011,2014-11-14,Silver,Small Business,55+,Web,Brunswick,5,1164.79,True,3056,VIC,Australia,ja,Organic,Dormant,Desktop,mail.test,3-4,Quarterly
CUS00012,2015-01-10,Silver,Mainstream,25-34,Store,Docklands,5,4521.46,True,3008,VIC,Australia,fr,Store,Dormant,Desktop,example.net,2,Essential only
CUS00013,2016-11-05,Silver,Small Business,18-24,Mobile,Docklands,7,2997.44,False,3008,VIC,Australia,de,Referral,Active,Mobile,example.net,3-4,Weekly
CUS00014,2016-10-14,Gold,Mainstream,45-54,Mobile,Northcote,11,9948.86,True,3070,VIC,Australia,hi,Social,Active,Mobile,mail.test,1,Essential only
CUS00015,2015-10-05,Bronze,Premium,18-24,Store,Melbourne,10,4551.35,True,3000,VIC,Australia,en,Store,Active,Tablet,inbox.example,5+,Quarterly
CUS00016,2014-12-25,Silver,Small Business,45-54,Store,Docklands,12,4010.79,True,3008,VIC,Australia,nl,Organic,Active,Mobile,inbox.example,1,Quarterly
CUS00017,2017-01-17,Silver,Mainstream,18-24,Mobile,Brunswick,13,1535.7,False,3056,VIC,Australia,de,Social,Active,Tablet,inbox.example,3-4,Essential only
CUS00018,2015-03-06,Bronze,Premium,18-24,Mobile,Northcote,10,5110.05,True,3070,VIC,Australia,ar,Referral,Active,Mobile,inbox.example,2,Weekly
CUS00019,2014-03-23,Bronze,Value,25-34,Store,Richmond,1,1790.69,True,3121,VIC,Australia,ja,Organic,Review,Desktop,mail.test,5+,Quarterly
CUS00020,2014-01-16,Bronze,Mainstream,35-44,Store,Docklands,1,465.83,True,3008,VIC,Australia,nl,Referral,Active,Tablet,example.net,3-4,Essential only
CUS00021,2014-12-04,Gold,Value,45-54,Mobile,Hawthorn,2,1778.23,True,3122,VIC,Australia,it,Paid Search,Active,Desktop,inbox.example,5+,Quarterly
CUS00022,2015-12-24,Silver,Premium,55+,Mobile,Footscray,8,6830.37,True,3011,VIC,Australia,es,Referral,Active,Desktop,inbox.example,1,Essential only
CUS00023,2015-02-12,Silver,Value,45-54,Mobile,Docklands,4,3623.85,True,3008,VIC,Australia,zh,Paid Search,Active,Mobile,inbox.example,1,Essential only
CUS00024,2014-02-03,Gold,Small Business,25-34,Mobile,Melbourne,20,7626.72,True,3000,VIC,Australia,ru,Organic,Active,Desktop,mail.test,1,Quarterly
CUS00025,2013-01-09,Silver,Small Business,18-24,Web,Richmond,10,3276.83,True,3121,VIC,Australia,ja,Social,Active,Tablet,inbox.example,1,Essential only
CUS00026,2017-10-02,Bronze,Mainstream,25-34,Mobile,Carlton,13,1445.49,False,3053,VIC,Australia,it,Referral,Active,Tablet,inbox.example,3-4,Quarterly
CUS00027,2014-03-25,Silver,Mainstream,25-34,Store,Carlton,15,3856.29,True,3053,VIC,Australia,fr,Referral,Active,Tablet,example.net,5+,Quarterly
CUS00028,2015-09-09,Gold,Mainstream,18-24,Web,Hawthorn,6,2375.95,True,3122,VIC,Australia,ja,Social,Active,Mobile,inbox.example,3-4,Essential only
CUS00029,2016-07-19,Silver,Value,55+,Web,Footscray,13,6098.49,True,3011,VIC,Australia,fr,Social,Review,Mobile,mail.test,1,Monthly
CUS00030,2014-06-24,Silver,Premium,55+,Web,Brunswick,19,4003.83,False,3056,VIC,Australia,en,Organic,Active,Mobile,mail.test,5+,Monthly
CUS00031,2013-04-14,Silver,Premium,45-54,Web,St Kilda,12,10087.77,True,3182,VIC,Australia,nl,Paid Search,Active,Desktop,inbox.example,2,Weekly
CUS00032,2015-01-04,Bronze,Mainstream,25-34,Mobile,Footscray,2,725.48,False,3011,VIC,Australia,pl,Social,Active,Desktop,mail.test,5+,Monthly
CUS00033,2013-06-13,Bronze,Small Business,25-34,Store,Carlton,4,2278.71,True,3053,VIC,Australia,hi,Store,Active,Desktop,inbox.example,5+,Essential only
CUS00034,2014-12-15,Bronze,Small Business,25-34,Web,Footscray,18,16588.6,True,3011,VIC,Australia,en,Paid Search,Active,Tablet,example.net,2,Weekly
CUS00035,2016-10-05,Silver,Value,18-24,Mobile,St Kilda,21,5467.6,True,3182,VIC,Australia,pt,Paid Search,Active,Mobile,inbox.example,1,Essential only
CUS00036,2017-05-02,Gold,Mainstream,18-24,Store,Richmond,9,6960.27,True,3121,VIC,Australia,zh,Store,Dormant,Desktop,example.net,5+,Quarterly
CUS00037,2013-07-27,Silver,Premium,55+,Web,Docklands,2,2601.58,False,3008,VIC,Australia,ru,Social,Active,Mobile,mail.test,5+,Essential only
CUS00038,2017-10-01,Bronze,Premium,45-54,Mobile,Hawthorn,19,14146.32,True,3122,VIC,Australia,ru,Organic,Dormant,Desktop,example.net,3-4,Monthly
CUS00039,2013-04-10,Silver,Mainstream,55+,Mobile,Footscray,7,2171.03,False,3011,VIC,Australia,es,Store,Active,Desktop,mail.test,2,Essential only
CUS00040,2013-05-27,Silver,Mainstream,25-34,Store,Richmond,12,10870.18,True,3121,VIC,Australia,fr,Referral,Active,Desktop,mail.test,2,Essential only
CUS00041,2016-05-20,Silver,Small Business,55+,Store,Footscray,14,5925.74,True,3011,VIC,Australia,es,Paid Search,Active,Tablet,example.net,1,Quarterly
CUS00042,2013-09-17,Bronze,Premium,18-24,Mobile,Melbourne,0,427.08,True,3000,VIC,Australia,en,Store,Active,Tablet,example.net,2,Monthly
CUS00043,2017-04-22,Bronze,Mainstream,45-54,Store,Hawthorn,13,10121.37,True,3122,VIC,Australia,en,Paid Search,Active,Tablet,mail.test,5+,Essential only
CUS00044,2017-08-09,Bronze,Premium,45-54,Store,Footscray,11,3810.91,False,3011,VIC,Australia,de,Paid Search,Active,Desktop,inbox.example,2,Monthly
CUS00045,2014-11-06,Silver,Premium,45-54,Web,Brunswick,20,15717.83,True,3056,VIC,Australia,ja,Store,Active,Tablet,mail.test,2,Essential only
CUS00046,2015-02-02,Bronze,Value,18-24,Mobile,Richmond,1,724.61,False,3121,VIC,Australia,en,Referral,Active,Tablet,example.net,3-4,Weekly
CUS00047,2013-08-01,Silver,Mainstream,45-54,Web,Southbank,16,8144.91,False,3006,VIC,Australia,ru,Organic,Active,Tablet,mail.test,3-4,Essential only
CUS00048,2015-02-15,Silver,Mainstream,45-54,Web,Brunswick,5,3580.77,False,3056,VIC,Australia,pl,Referral,Dormant,Desktop,example.net,5+,Monthly
CUS00049,2016-01-17,Bronze,Small Business,35-44,Mobile,Hawthorn,3,590.85,True,3122,VIC,Australia,en,Referral,Active,Mobile,mail.test,1,Essential only
CUS00050,2014-01-21,Gold,Premium,18-24,Web,St Kilda,2,1233.67,False,3182,VIC,Australia,it,Referral,Active,Mobile,example.net,2,Weekly
CUS00051,2017-10-27,Silver,Premium,25-34,Store,Northcote,6,3599.99,True,3070,VIC,Australia,ar,Paid Search,Active,Desktop,inbox.example,5+,Quarterly
CUS00052,2017-04-16,Bronze,Premium,35-44,Store,St Kilda,11,6934.52,True,3182,VIC,Australia,nl,Organic,Active,Tablet,example.net,5+,Essential only
CUS00053,2013-01-04,Gold,Premium,35-44,Mobile,Brunswick,16,6007.91,True,3056,VIC,Australia,ru,Store,Dormant,Desktop,mail.test,3-4,Monthly
CUS00054,2013-12-07,Silver,Premium,55+,Mobile,St Kilda,6,3639.83,True,3182,VIC,Australia,de,Social,Active,Desktop,inbox.example,5+,Weekly
CUS00055,2016-12-07,Platinum,Small Business,18-24,Web,Hawthorn,20,5180.82,False,3122,VIC,Australia,pl,Organic,Active,Tablet,example.net,2,Essential only
CUS00056,2016-12-15,Gold,Value,35-44,Web,Richmond,4,3181.67,False,3121,VIC,Australia,zh,Paid Search,Active,Mobile,mail.test,3-4,Quarterly
CUS00057,2016-12-11,Platinum,Mainstream,18-24,Mobile,Northcote,14,4662.49,False,3070,VIC,Australia,es,Referral,Review,Tablet,example.net,2,Quarterly
CUS00058,2015-10-21,Bronze,Value,35-44,Mobile,St Kilda,4,659.26,True,3182,VIC,Australia,it,Organic,Active,Desktop,mail.test,3-4,Essential only
CUS00059,2014-04-21,Gold,Small Business,45-54,Store,St Kilda,7,6601.37,True,3182,VIC,Australia,hi,Paid Search,Active,Mobile,example.net,3-4,Quarterly
CUS00060,2015-07-25,Bronze,Premium,25-34,Web,Footscray,14,12141.55,True,3011,VIC,Australia,es,Referral,Active,Mobile,mail.test,1,Quarterly
CUS00061,2014-11-23,Bronze,Premium,55+,Web,Carlton,11,6955.19,True,3053,VIC,Australia,pl,Organic,Active,Tablet,inbox.example,2,Essential only
CUS00062,2017-10-24,Bronze,Mainstream,55+,Store,Docklands,13,6697.91,True,3008,VIC,Australia,pt,Organic,Active,Desktop,inbox.example,2,Weekly
CUS00063,2016-03-22,Bronze,Small Business,55+,Web,Hawthorn,1,665.62,True,3122,VIC,Australia,ar,Social,Active,Mobile,example.net,1,Essential only
CUS00064,2014-10-05,Silver,Mainstream,25-34,Store,Richmond,1,1442.75,False,3121,VIC,Australia,fr,Social,Active,Desktop,inbox.example,5+,Quarterly
CUS00065,2013-08-17,Bronze,Premium,55+,Web,Brunswick,16,15239.16,False,3056,VIC,Australia,fr,Referral,Active,Mobile,mail.test,1,Essential only
CUS00066,2014-06-16,Bronze,Premium,18-24,Store,Carlton,7,4811.52,True,3053,VIC,Australia,ar,Referral,Review,Mobile,inbox.example,2,Weekly
CUS00067,2013-05-07,Silver,Small Business,55+,Store,Brunswick,15,9382.64,True,3056,VIC,Australia,fr,Referral,Active,Tablet,mail.test,2,Quarterly
CUS00068,2017-09-27,Silver,Small Business,18-24,Store,Footscray,20,17097.01,False,3011,VIC,Australia,hi,Referral,Active,Desktop,example.net,3-4,Quarterly
CUS00069,2016-08-03,Gold,Small Business,35-44,Web,Melbourne,7,2362.49,False,3000,VIC,Australia,ar,Social,Active,Mobile,mail.test,3-4,Quarterly
CUS00070,2017-01-07,Silver,Premium,35-44,Mobile,Footscray,15,2046.34,True,3011,VIC,Australia,en,Organic,Active,Tablet,inbox.example,5+,Quarterly
CUS00071,2017-08-23,Silver,Premium,35-44,Store,St Kilda,21,2471.18,True,3182,VIC,Australia,it,Store,Active,Tablet,mail.test,3-4,Weekly
CUS00072,2017-04-22,Silver,Premium,25-34,Web,St Kilda,16,10593.53,False,3182,VIC,Australia,fr,Referral,Dormant,Tablet,inbox.example,2,Quarterly
CUS00073,2016-04-21,Bronze,Mainstream,25-34,Web,Footscray,2,2346.69,False,3011,VIC,Australia,hi,Referral,Active,Mobile,mail.test,2,Weekly
CUS00074,2014-02-05,Silver,Premium,45-54,Web,Footscray,9,8410.77,True,3011,VIC,Australia,zh,Paid Search,Active,Mobile,example.net,2,Quarterly
CUS00075,2014-09-01,Bronze,Mainstream,35-44,Web,Northcote,18,7351.5,True,3070,VIC,Australia,ru,Social,Active,Mobile,mail.test,2,Essential only
CUS00076,2017-11-11,Bronze,Small Business,35-44,Mobile,Docklands,21,2657.11,True,3008,VIC,Australia,de,Social,Active,Mobile,inbox.example,2,Essential only
CUS00077,2016-06-15,Gold,Value,55+,Store,Southbank,21,18929.87,False,3006,VIC,Australia,ar,Paid Search,Active,Mobile,mail.test,5+,Weekly
CUS00078,2013-08-11,Bronze,Premium,35-44,Mobile,Southbank,15,5559.81,True,3006,VIC,Australia,fr,Store,Active,Tablet,mail.test,5+,Monthly
CUS00079,2013-03-09,Silver,Small Business,35-44,Store,Hawthorn,4,1076.79,True,3122,VIC,Australia,ru,Social,Active,Mobile,mail.test,3-4,Quarterly
CUS00080,2013-07-14,Bronze,Mainstream,45-54,Store,Richmond,8,3475.91,False,3121,VIC,Australia,fr,Organic,Active,Desktop,inbox.example,5+,Monthly
CUS00081,2013-02-06,Gold,Premium,35-44,Store,Richmond,2,1861.08,False,3121,VIC,Australia,pl,Paid Search,Active,Desktop,example.net,3-4,Quarterly
CUS00082,2013-11-15,Silver,Mainstream,18-24,Mobile,Richmond,20,18343.18,True,3121,VIC,Australia,pt,Social,Active,Desktop,inbox.example,2,Monthly
CUS00083,2013-11-27,Silver,Small Business,55+,Web,Hawthorn,3,2281.39,True,3122,VIC,Australia,ar,Referral,Dormant,Desktop,example.net,3-4,Essential only
CUS00084,2013-11-09,Silver,Premium,45-54,Mobile,Melbourne,0,301.24,True,3000,VIC,Australia,nl,Referral,Active,Mobile,example.net,5+,Quarterly
CUS00085,2017-08-12,Bronze,Premium,35-44,Web,Southbank,5,5298.56,False,3006,VIC,Australia,pt,Social,Active,Tablet,inbox.example,3-4,Monthly
CUS00086,2014-12-26,Gold,Small Business,18-24,Mobile,Southbank,1,650.5,True,3006,VIC,Australia,ar,Organic,Dormant,Tablet,inbox.example,3-4,Quarterly
CUS00087,2016-12-18,Gold,Value,25-34,Web,Docklands,13,3133.14,False,3008,VIC,Australia,ar,Referral,Active,Tablet,inbox.example,3-4,Monthly
CUS00088,2017-08-25,Silver,Premium,25-34,Mobile,Melbourne,19,3486.91,True,3000,VIC,Australia,de,Organic,Active,Mobile,inbox.example,5+,Quarterly
CUS00089,2014-12-08,Silver,Premium,25-34,Mobile,Carlton,5,4791.31,True,3053,VIC,Australia,ja,Organic,Dormant,Tablet,inbox.example,2,Weekly
CUS00090,2013-04-22,Silver,Value,35-44,Store,Melbourne,2,2152.78,False,3000,VIC,Australia,es,Organic,Active,Desktop,inbox.example,2,Essential only
CUS00091,2015-05-07,Gold,Premium,45-54,Web,Richmond,14,13303.77,True,3121,VIC,Australia,pt,Referral,Dormant,Desktop,mail.test,2,Monthly
CUS00092,2013-04-06,Bronze,Value,55+,Store,Richmond,13,7579.65,False,3121,VIC,Australia,ru,Social,Active,Mobile,example.net,5+,Weekly
CUS00093,2016-08-15,Silver,Premium,18-24,Mobile,Southbank,7,4532.32,True,3006,VIC,Australia,ru,Referral,Active,Tablet,example.net,2,Essential only
CUS00094,2017-05-14,Gold,Small Business,35-44,Store,Docklands,0,176.47,True,3008,VIC,Australia,ru,Store,Active,Mobile,mail.test,5+,Weekly
CUS00095,2016-04-02,Bronze,Value,55+,Mobile,Carlton,13,6623.6,True,3053,VIC,Australia,ar,Paid Search,Active,Desktop,inbox.example,3-4,Essential only
CUS00096,2016-01-10,Gold,Value,35-44,Web,Brunswick,17,8759.46,False,3056,VIC,Australia,pl,Social,Active,Desktop,mail.test,1,Monthly
CUS00097,2013-04-07,Platinum,Premium,18-24,Store,Northcote,11,4331.57,True,3070,VIC,Australia,nl,Social,Active,Tablet,mail.test,5+,Quarterly
CUS00098,2013-10-23,Bronze,Value,25-34,Mobile,Brunswick,18,8985.06,True,3056,VIC,Australia,ru,Paid Search,Active,Desktop,mail.test,5+,Quarterly
CUS00099,2015-09-17,Bronze,Small Business,55+,Web,Melbourne,1,1107.54,True,3000,VIC,Australia,it,Social,Active,Mobile,inbox.example,1,Monthly
CUS00100,2017-04-27,Bronze,Premium,35-44,Store,Brunswick,10,7890.38,True,3056,VIC,Australia,pt,Social,Active,Desktop,mail.test,5+,Essential only
CUS00101,2017-04-22,Silver,Mainstream,55+,Mobile,St Kilda,16,4554.4,True,3182,VIC,Australia,en,Organic,Active,Desktop,example.net,5+,Essential only
CUS00102,2014-05-12,Gold,Small Business,35-44,Store,Hawthorn,5,5332.63,True,3122,VIC,Australia,nl,Paid Search,Dormant,Desktop,inbox.example,3-4,Weekly
CUS00103,2015-08-21,Bronze,Small Business,35-44,Mobile,Southbank,7,3819.64,True,3006,VIC,Australia,fr,Paid Search,Active,Desktop,example.net,1,Quarterly
CUS00104,2015-07-05,Bronze,Mainstream,18-24,Web,Docklands,13,1668.37,False,3008,VIC,Australia,hi,Organic,Active,Mobile,mail.test,2,Essential only
CUS00105,2015-06-21,Gold,Mainstream,18-24,Mobile,Hawthorn,3,2261.01,True,3122,VIC,Australia,nl,Social,Active,Desktop,example.net,5+,Monthly
CUS00106,2014-02-13,Bronze,Premium,25-34,Mobile,Hawthorn,0,441.28,True,3122,VIC,Australia,ja,Paid Search,Active,Tablet,example.net,1,Quarterly
CUS00107,2013-05-23,Silver,Value,35-44,Mobile,Southbank,16,10393.24,True,3006,VIC,Australia,zh,Social,Active,Mobile,inbox.example,2,Essential only
CUS00108,2013-07-12,Silver,Mainstream,35-44,Store,St Kilda,16,4610.8,True,3182,VIC,Australia,ja,Social,Active,Tablet,example.net,1,Essential only
CUS00109,2014-11-18,Bronze,Small Business,18-24,Web,Brunswick,19,13813.05,True,3056,VIC,Australia,ja,Organic,Active,Desktop,inbox.example,5+,Weekly
CUS00110,2015-10-24,Silver,Premium,35-44,Store,Footscray,18,9434.23,False,3011,VIC,Australia,zh,Social,Active,Mobile,inbox.example,2,Weekly
CUS00111,2013-05-16,Silver,Premium,18-24,Web,Docklands,8,960.77,True,3008,VIC,Australia,it,Paid Search,Active,Tablet,mail.test,2,Weekly
CUS00112,2016-04-19,Gold,Small Business,18-24,Store,Southbank,12,6479.85,True,3006,VIC,Australia,ru,Social,Active,Desktop,example.net,1,Monthly
CUS00113,2017-06-20,Platinum,Premium,55+,Store,Hawthorn,4,2899.71,True,3122,VIC,Australia,pt,Store,Active,Desktop,mail.test,1,Essential only
CUS00114,2014-03-04,Silver,Small Business,45-54,Store,St Kilda,1,1349.2,True,3182,VIC,Australia,zh,Store,Active,Desktop,mail.test,5+,Weekly
CUS00115,2016-03-02,Silver,Small Business,55+,Mobile,Footscray,18,13934.82,False,3011,VIC,Australia,en,Paid Search,Active,Desktop,mail.test,3-4,Quarterly
CUS00116,2015-02-10,Silver,Small Business,25-34,Store,Melbourne,2,325.73,False,3000,VIC,Australia,de,Paid Search,Active,Tablet,inbox.example,5+,Essential only
CUS00117,2013-02-01,Bronze,Value,55+,Mobile,Hawthorn,16,9485.51,True,3122,VIC,Australia,de,Organic,Active,Mobile,mail.test,5+,Essential only
CUS00118,2016-01-03,Silver,Mainstream,18-24,Web,Southbank,16,1595.82,True,3006,VIC,Australia,fr,Store,Active,Desktop,example.net,2,Weekly
CUS00119,2013-12-12,Gold,Value,55+,Mobile,Hawthorn,0,175.67,True,3122,VIC,Australia,ar,Social,Active,Tablet,mail.test,5+,Quarterly
CUS00120,2016-03-26,Gold,Value,45-54,Web,Richmond,2,2567.03,True,3121,VIC,Australia,en,Paid Search,Active,Desktop,inbox.example,2,Weekly
CUS00121,2014-02-13,Gold,Small Business,55+,Store,Richmond,17,4383.29,True,3121,VIC,Australia,es,Paid Search,Review,Tablet,example.net,1,Essential only
CUS00122,2017-07-19,Silver,Value,55+,Store,Melbourne,6,4894.65,True,3000,VIC,Australia,en,Referral,Active,Desktop,inbox.example,5+,Weekly
CUS00123,2014-12-03,Bronze,Mainstream,18-24,Web,Docklands,6,1796.12,True,3008,VIC,Australia,de,Referral,Active,Desktop,example.net,3-4,Monthly
CUS00124,2014-09-22,Bronze,Mainstream,18-24,Web,Hawthorn,15,5436.63,False,3122,VIC,Australia,ar,Paid Search,Active,Mobile,mail.test,5+,Quarterly
CUS00125,2014-03-15,Bronze,Premium,55+,Store,Richmond,19,3326.73,True,3121,VIC,Australia,it,Referral,Active,Mobile,example.net,1,Quarterly
CUS00126,2017-12-17,Platinum,Premium,18-24,Store,Southbank,15,14127.12,False,3006,VIC,Australia,en,Paid Search,Active,Mobile,inbox.example,5+,Essential only
CUS00127,2016-07-16,Silver,Mainstream,35-44,Store,Hawthorn,11,8917.28,False,3122,VIC,Australia,nl,Store,Active,Mobile,mail.test,5+,Essential only
CUS00128,2014-03-16,Gold,Premium,25-34,Mobile,St Kilda,21,2997.83,False,3182,VIC,Australia,hi,Social,Active,Desktop,mail.test,5+,Quarterly
CUS00129,2016-04-16,Silver,Mainstream,35-44,Web,Carlton,9,8956.08,False,3053,VIC,Australia,zh,Social,Active,Tablet,inbox.example,2,Quarterly
CUS00130,2013-02-21,Gold,Premium,18-24,Web,St Kilda,9,3527.73,True,3182,VIC,Australia,hi,Social,Active,Desktop,mail.test,5+,Monthly
CUS00131,2017-10-14,Bronze,Value,18-24,Mobile,Brunswick,19,7180.91,True,3056,VIC,Australia,pt,Referral,Active,Desktop,example.net,2,Weekly
CUS00132,2016-11-11,Silver,Premium,18-24,Mobile,Southbank,6,4138.04,True,3006,VIC,Australia,nl,Social,Active,Desktop,inbox.example,2,Essential only
CUS00133,2014-01-24,Platinum,Value,55+,Web,Footscray,12,7948.8,True,3011,VIC,Australia,hi,Paid Search,Active,Desktop,inbox.example,1,Essential only
CUS00134,2015-04-23,Bronze,Premium,55+,Web,St Kilda,5,5359.31,True,3182,VIC,Australia,fr,Social,Active,Mobile,mail.test,1,Monthly
CUS00135,2015-03-16,Platinum,Premium,35-44,Mobile,Richmond,6,3316.82,False,3121,VIC,Australia,ru,Paid Search,Active,Tablet,inbox.example,5+,Monthly
CUS00136,2016-08-18,Silver,Premium,25-34,Web,Melbourne,1,1709.13,False,3000,VIC,Australia,it,Social,Active,Mobile,mail.test,2,Quarterly
CUS00137,2017-10-11,Bronze,Premium,45-54,Mobile,Richmond,4,1059.23,True,3121,VIC,Australia,ar,Paid Search,Active,Desktop,inbox.example,5+,Quarterly
CUS00138,2017-12-16,Silver,Mainstream,35-44,Store,Melbourne,18,1972.09,True,3000,VIC,Australia,en,Organic,Active,Mobile,mail.test,2,Quarterly
CUS00139,2013-05-16,Gold,Premium,18-24,Mobile,Southbank,4,670.96,True,3006,VIC,Australia,nl,Organic,Active,Tablet,inbox.example,1,Monthly
CUS00140,2016-02-03,Bronze,Value,35-44,Mobile,Northcote,12,1999.62,True,3070,VIC,Australia,ja,Paid Search,Active,Tablet,inbox.example,2,Quarterly
CUS00141,2017-07-17,Silver,Small Business,55+,Mobile,Melbourne,18,11643.77,True,3000,VIC,Australia,de,Referral,Active,Mobile,mail.test,5+,Essential only
CUS00142,2015-10-04,Platinum,Small Business,55+,Web,Northcote,21,9175.53,True,3070,VIC,Australia,hi,Store,Active,Mobile,inbox.example,3-4,Essential only
CUS00143,2017-08-14,Silver,Value,35-44,Mobile,Northcote,15,9833.23,True,3070,VIC,Australia,ru,Paid Search,Active,Mobile,example.net,1,Essential only
CUS00144,2017-03-05,Gold,Small Business,45-54,Web,Docklands,2,1394.5,True,3008,VIC,Australia,nl,Social,Active,Mobile,example.net,3-4,Quarterly
CUS00145,2013-12-09,Silver,Small Business,35-44,Store,Hawthorn,19,9222.35,True,3122,VIC,Australia,pt,Paid Search,Active,Mobile,inbox.example,5+,Quarterly
CUS00146,2016-06-09,Gold,Value,18-24,Mobile,Southbank,1,1736.4,True,3006,VIC,Australia,es,Store,Active,Tablet,mail.test,2,Quarterly
CUS00147,2013-09-20,Bronze,Value,25-34,Store,Carlton,3,1945.35,True,3053,VIC,Australia,fr,Social,Active,Desktop,example.net,2,Weekly
CUS00148,2015-05-24,Bronze,Premium,35-44,Store,Carlton,19,15568.28,True,3053,VIC,Australia,hi,Organic,Active,Tablet,inbox.example,1,Weekly
CUS00149,2014-12-12,Silver,Value,45-54,Mobile,Hawthorn,6,5148.3,False,3122,VIC,Australia,en,Store,Active,Mobile,example.net,5+,Essential only
CUS00150,2017-02-11,Silver,Premium,35-44,Mobile,Melbourne,14,10478.51,True,3000,VIC,Australia,ar,Store,Active,Tablet,inbox.example,2,Weekly
CUS00151,2016-11-06,Silver,Premium,55+,Mobile,Footscray,0,225.24,True,3011,VIC,Australia,nl,Social,Active,Tablet,example.net,2,Monthly
CUS00152,2013-04-03,Bronze,Mainstream,55+,Store,Docklands,2,1523.38,True,3008,VIC,Australia,es,Social,Active,Mobile,inbox.example,5+,Essential only
CUS00153,2017-09-16,Bronze,Value,25-34,Mobile,Northcote,4,2216.99,True,3070,VIC,Australia,pt,Store,Active,Tablet,example.net,3-4,Essential only
CUS00154,2016-01-10,Silver,Mainstream,18-24,Store,Hawthorn,17,3319.66,True,3122,VIC,Australia,ar,Paid Search,Active,Desktop,example.net,1,Essential only
CUS00155,2013-02-16,Silver,Small Business,35-44,Mobile,Brunswick,19,6207.48,True,3056,VIC,Australia,de,Social,Active,Desktop,inbox.example,3-4,Essential only
CUS00156,2013-03-06,Silver,Small Business,55+,Mobile,Docklands,21,16795.39,False,3008,VIC,Australia,es,Social,Active,Desktop,example.net,1,Weekly
CUS00157,2017-08-27,Bronze,Small Business,25-34,Store,Footscray,21,6971.99,True,3011,VIC,Australia,pl,Referral,Active,Mobile,inbox.example,2,Monthly
CUS00158,2016-08-14,Gold,Premium,55+,Web,Docklands,0,593.58,False,3008,VIC,Australia,de,Paid Search,Active,Desktop,example.net,5+,Quarterly
CUS00159,2013-07-04,Gold,Mainstream,35-44,Web,Richmond,20,7735.73,True,3121,VIC,Australia,de,Social,Dormant,Desktop,mail.test,1,Monthly
CUS00160,2016-07-21,Silver,Mainstream,55+,Mobile,Footscray,13,11691.61,False,3011,VIC,Australia,nl,Social,Active,Desktop,mail.test,2,Weekly
CUS00161,2013-01-22,Bronze,Premium,55+,Store,Hawthorn,7,1184.16,False,3122,VIC,Australia,pt,Paid Search,Dormant,Desktop,inbox.example,1,Monthly
CUS00162,2017-10-09,Silver,Mainstream,18-24,Web,Brunswick,16,10018.39,True,3056,VIC,Australia,fr,Organic,Dormant,Mobile,inbox.example,5+,Monthly
CUS00163,2016-11-23,Platinum,Premium,55+,Web,St Kilda,5,1766.93,False,3182,VIC,Australia,ru,Paid Search,Active,Mobile,example.net,1,Essential only
CUS00164,2013-05-16,Silver,Value,55+,Store,Hawthorn,16,4539.55,False,3122,VIC,Australia,ru,Referral,Active,Tablet,example.net,2,Weekly
CUS00165,2014-12-10,Gold,Premium,45-54,Store,Southbank,13,4124.34,False,3006,VIC,Australia,es,Referral,Active,Tablet,mail.test,5+,Monthly
CUS00166,2015-05-02,Silver,Value,55+,Store,Brunswick,7,6568.54,True,3056,VIC,Australia,zh,Paid Search,Active,Desktop,inbox.example,5+,Quarterly
CUS00167,2013-05-07,Gold,Premium,25-34,Store,Footscray,10,4640.08,False,3011,VIC,Australia,zh,Organic,Active,Tablet,example.net,2,Weekly
CUS00168,2014-03-19,Silver,Premium,35-44,Mobile,Richmond,3,2062.67,True,3121,VIC,Australia,ru,Social,Active,Tablet,mail.test,1,Monthly
CUS00169,2013-02-13,Silver,Premium,55+,Store,Southbank,7,701.72,False,3006,VIC,Australia,zh,Organic,Active,Tablet,inbox.example,5+,Weekly
CUS00170,2017-04-08,Silver,Mainstream,18-24,Web,Carlton,5,949.45,True,3053,VIC,Australia,ru,Referral,Active,Mobile,mail.test,5+,Weekly
CUS00171,2017-09-09,Silver,Mainstream,25-34,Web,St Kilda,14,10787.27,True,3182,VIC,Australia,fr,Store,Active,Tablet,inbox.example,3-4,Quarterly
CUS00172,2014-03-02,Bronze,Small Business,18-24,Web,Brunswick,2,394.9,True,3056,VIC,Australia,ru,Store,Active,Tablet,inbox.example,1,Weekly
CUS00173,2013-11-13,Platinum,Value,45-54,Web,Northcote,2,1681.34,True,3070,VIC,Australia,en,Social,Active,Tablet,example.net,5+,Essential only
CUS00174,2017-08-05,Bronze,Premium,35-44,Store,St Kilda,5,2756.6,True,3182,VIC,Australia,pl,Social,Active,Tablet,inbox.example,2,Weekly
CUS00175,2015-03-21,Silver,Small Business,25-34,Mobile,Melbourne,10,2783.02,True,3000,VIC,Australia,it,Store,Active,Tablet,inbox.example,5+,Quarterly
CUS00176,2013-02-04,Platinum,Premium,45-54,Web,Northcote,6,3965.86,False,3070,VIC,Australia,ja,Paid Search,Active,Tablet,inbox.example,3-4,Essential only
CUS00177,2016-11-25,Bronze,Value,18-24,Store,Carlton,20,9158.04,False,3053,VIC,Australia,hi,Social,Active,Tablet,example.net,3-4,Monthly
CUS00178,2016-11-26,Silver,Mainstream,35-44,Store,Footscray,4,4458.54,True,3011,VIC,Australia,ja,Organic,Active,Tablet,mail.test,2,Quarterly
CUS00179,2017-11-24,Bronze,Value,25-34,Mobile,Richmond,7,6362.94,True,3121,VIC,Australia,it,Social,Active,Desktop,mail.test,1,Weekly
CUS00180,2015-11-11,Gold,Mainstream,45-54,Store,Melbourne,19,16765.09,False,3000,VIC,Australia,ja,Paid Search,Active,Tablet,mail.test,5+,Monthly
CUS00181,2014-06-10,Silver,Mainstream,25-34,Store,Hawthorn,11,3339.64,False,3122,VIC,Australia,zh,Referral,Active,Tablet,inbox.example,1,Quarterly
CUS00182,2016-09-17,Gold,Value,55+,Mobile,Brunswick,5,5182.06,True,3056,VIC,Australia,ja,Store,Active,Tablet,inbox.example,5+,Weekly
CUS00183,2017-11-12,Gold,Value,45-54,Web,Southbank,3,1414.75,False,3006,VIC,Australia,it,Store,Active,Desktop,example.net,2,Weekly
CUS00184,2013-01-18,Silver,Mainstream,35-44,Store,Richmond,0,259.14,True,3121,VIC,Australia,pl,Paid Search,Active,Mobile,mail.test,1,Essential only
CUS00185,2015-07-10,Silver,Value,18-24,Store,Footscray,13,9149.95,False,3011,VIC,Australia,zh,Organic,Active,Tablet,mail.test,3-4,Quarterly
CUS00186,2013-12-24,Gold,Mainstream,25-34,Web,Southbank,20,12191.44,True,3006,VIC,Australia,es,Paid Search,Active,Tablet,inbox.example,3-4,Monthly
CUS00187,2016-04-06,Bronze,Premium,18-24,Store,Southbank,7,5773.96,True,3006,VIC,Australia,nl,Organic,Active,Desktop,mail.test,5+,Quarterly
CUS00188,2013-08-26,Gold,Value,35-44,Store,Docklands,14,5803.71,True,3008,VIC,Australia,zh,Referral,Active,Desktop,mail.test,2,Essential only
CUS00189,2016-02-15,Gold,Value,25-34,Web,Docklands,6,4920.27,False,3008,VIC,Australia,hi,Organic,Dormant,Mobile,inbox.example,3-4,Weekly
CUS00190,2016-01-14,Bronze,Small Business,35-44,Web,Melbourne,16,3338.16,False,3000,VIC,Australia,it,Social,Dormant,Mobile,mail.test,3-4,Quarterly
CUS00191,2016-11-27,Gold,Premium,18-24,Mobile,Southbank,18,10323.4,True,3006,VIC,Australia,ja,Referral,Active,Mobile,inbox.example,5+,Essential only
CUS00192,2013-05-25,Silver,Value,55+,Store,Southbank,4,608.27,False,3006,VIC,Australia,nl,Paid Search,Active,Tablet,example.net,5+,Weekly
CUS00193,2013-12-09,Bronze,Premium,45-54,Mobile,Melbourne,17,3323.64,True,3000,VIC,Australia,nl,Social,Active,Tablet,example.net,3-4,Essential only
CUS00194,2015-02-27,Silver,Mainstream,25-34,Web,Richmond,2,2322.46,True,3121,VIC,Australia,nl,Referral,Active,Desktop,example.net,5+,Essential only
CUS00195,2016-11-06,Silver,Value,25-34,Mobile,Carlton,10,4728.47,True,3053,VIC,Australia,zh,Referral,Active,Mobile,inbox.example,5+,Monthly
CUS00196,2017-11-23,Gold,Premium,55+,Web,Melbourne,21,9629.15,True,3000,VIC,Australia,hi,Paid Search,Active,Desktop,mail.test,1,Weekly
CUS00197,2016-09-05,Bronze,Value,55+,Mobile,Southbank,10,7466.15,True,3006,VIC,Australia,ru,Store,Active,Mobile,example.net,1,Monthly
CUS00198,2016-03-03,Bronze,Value,45-54,Mobile,Richmond,8,2204.28,True,3121,VIC,Australia,it,Social,Dormant,Desktop,example.net,1,Monthly
CUS00199,2016-03-15,Silver,Mainstream,18-24,Web,Hawthorn,3,2493.02,True,3122,VIC,Australia,fr,Store,Active,Mobile,mail.test,5+,Quarterly
CUS00200,2015-08-27,Bronze,Value,25-34,Mobile,Docklands,14,2116.94,True,3008,VIC,Australia,es,Organic,Active,Tablet,mail.test,3-4,Monthly
CUS00201,2015-04-26,Bronze,Premium,18-24,Mobile,St Kilda,1,1160.03,True,3182,VIC,Australia,ja,Store,Active,Desktop,example.net,1,Essential only
CUS00202,2014-05-25,Bronze,Small Business,25-34,Store,Brunswick,10,5118.41,False,3056,VIC,Australia,ru,Organic,Active,Tablet,mail.test,5+,Weekly
CUS00203,2016-01-25,Platinum,Value,25-34,Web,Richmond,5,4193.45,True,3121,VIC,Australia,pt,Social,Active,Desktop,example.net,2,Weekly
CUS00204,2015-06-01,Bronze,Small Business,18-24,Store,Footscray,0,138.46,False,3011,VIC,Australia,es,Paid Search,Active,Mobile,example.net,5+,Essential only
CUS00205,2015-10-15,Bronze,Mainstream,18-24,Mobile,St Kilda,21,6613.7,False,3182,VIC,Australia,en,Social,Active,Tablet,inbox.example,5+,Monthly
CUS00206,2015-05-06,Bronze,Premium,18-24,Store,Carlton,3,1045.32,True,3053,VIC,Australia,fr,Organic,Active,Mobile,inbox.example,2,Weekly
CUS00207,2016-02-23,Silver,Value,55+,Web,Footscray,20,7340.29,True,3011,VIC,Australia,fr,Paid Search,Active,Mobile,mail.test,1,Essential only
CUS00208,2015-04-20,Silver,Mainstream,18-24,Web,Carlton,8,4577.33,True,3053,VIC,Australia,es,Organic,Active,Mobile,mail.test,2,Essential only
CUS00209,2016-01-21,Platinum,Premium,18-24,Mobile,Docklands,15,12908.11,True,3008,VIC,Australia,pl,Social,Active,Desktop,example.net,1,Weekly
CUS00210,2016-11-26,Gold,Value,25-34,Web,St Kilda,14,6962.11,True,3182,VIC,Australia,zh,Organic,Active,Desktop,mail.test,5+,Monthly
CUS00211,2016-03-07,Bronze,Value,35-44,Web,Southbank,16,13588.4,True,3006,VIC,Australia,zh,Referral,Dormant,Mobile,mail.test,1,Monthly
CUS00212,2016-05-27,Gold,Small Business,35-44,Mobile,Melbourne,4,3468.77,False,3000,VIC,Australia,it,Social,Dormant,Desktop,example.net,5+,Quarterly
CUS00213,2015-11-10,Bronze,Premium,35-44,Store,Melbourne,6,5869.29,True,3000,VIC,Australia,de,Store,Active,Tablet,mail.test,5+,Essential only
CUS00214,2017-02-21,Bronze,Mainstream,45-54,Store,Northcote,5,873.11,True,3070,VIC,Australia,ru,Referral,Active,Desktop,inbox.example,3-4,Quarterly
CUS00215,2015-02-23,Platinum,Mainstream,45-54,Mobile,Melbourne,21,13703.56,True,3000,VIC,Australia,it,Organic,Active,Desktop,example.net,5+,Essential only
CUS00216,2015-04-13,Silver,Mainstream,18-24,Web,Docklands,6,2834.23,False,3008,VIC,Australia,ar,Referral,Active,Tablet,example.net,2,Quarterly
CUS00217,2014-09-03,Gold,Small Business,25-34,Mobile,Footscray,14,6953.36,False,3011,VIC,Australia,nl,Paid Search,Active,Mobile,example.net,3-4,Monthly
CUS00218,2013-08-14,Gold,Mainstream,55+,Web,Southbank,4,809.34,True,3006,VIC,Australia,fr,Social,Dormant,Desktop,example.net,1,Weekly
CUS00219,2015-12-10,Bronze,Small Business,18-24,Mobile,St Kilda,5,3075.37,True,3182,VIC,Australia,ja,Store,Active,Mobile,example.net,5+,Weekly
CUS00220,2013-11-15,Silver,Small Business,25-34,Web,Southbank,11,6403.5,True,3006,VIC,Australia,pt,Social,Active,Tablet,mail.test,2,Essential only
CUS00221,2016-04-21,Silver,Value,45-54,Store,Footscray,0,251.96,False,3011,VIC,Australia,ru,Store,Active,Mobile,example.net,5+,Weekly
CUS00222,2013-03-26,Platinum,Small Business,25-34,Store,St Kilda,0,834.2,False,3182,VIC,Australia,es,Organic,Active,Tablet,example.net,2,Monthly
CUS00223,2013-10-06,Bronze,Small Business,18-24,Store,Docklands,14,1239.05,True,3008,VIC,Australia,ja,Store,Active,Mobile,example.net,2,Weekly
CUS00224,2017-12-16,Bronze,Premium,35-44,Mobile,Docklands,0,224.34,False,3008,VIC,Australia,ru,Paid Search,Active,Mobile,mail.test,5+,Essential only
CUS00225,2017-04-06,Platinum,Value,55+,Store,Southbank,9,8009.46,True,3006,VIC,Australia,es,Social,Active,Tablet,mail.test,3-4,Monthly
CUS00226,2016-06-21,Silver,Premium,18-24,Store,Hawthorn,4,859.88,False,3122,VIC,Australia,hi,Store,Active,Mobile,mail.test,2,Essential only
CUS00227,2014-12-07,Gold,Premium,35-44,Mobile,Northcote,12,7790.64,True,3070,VIC,Australia,es,Organic,Active,Tablet,mail.test,1,Monthly
CUS00228,2015-02-16,Bronze,Mainstream,55+,Mobile,Carlton,3,2235.4,True,3053,VIC,Australia,ar,Paid Search,Active,Tablet,mail.test,3-4,Monthly
CUS00229,2015-10-14,Gold,Value,18-24,Web,Southbank,15,11951.85,False,3006,VIC,Australia,nl,Social,Active,Tablet,example.net,2,Essential only
CUS00230,2014-10-09,Platinum,Small Business,18-24,Store,Richmond,3,1266.76,True,3121,VIC,Australia,en,Store,Dormant,Tablet,example.net,3-4,Weekly
CUS00231,2015-05-12,Gold,Small Business,35-44,Mobile,Carlton,17,8858.64,True,3053,VIC,Australia,fr,Store,Active,Desktop,example.net,5+,Essential only
CUS00232,2017-08-14,Bronze,Premium,45-54,Web,Docklands,6,5655.14,False,3008,VIC,Australia,it,Organic,Dormant,Desktop,mail.test,3-4,Monthly
CUS00233,2013-01-09,Bronze,Premium,45-54,Store,Brunswick,19,4378.52,True,3056,VIC,Australia,fr,Store,Active,Tablet,inbox.example,5+,Quarterly
CUS00234,2016-02-04,Gold,Premium,45-54,Mobile,Richmond,19,9479.82,True,3121,VIC,Australia,fr,Store,Active,Desktop,mail.test,5+,Weekly
CUS00235,2015-06-11,Bronze,Small Business,25-34,Mobile,Docklands,7,2515.0,True,3008,VIC,Australia,it,Organic,Active,Desktop,inbox.example,2,Quarterly
CUS00236,2017-01-16,Gold,Small Business,18-24,Web,Footscray,0,573.85,False,3011,VIC,Australia,it,Paid Search,Active,Mobile,inbox.example,1,Monthly
CUS00237,2016-04-07,Bronze,Premium,18-24,Store,Northcote,15,13300.05,True,3070,VIC,Australia,zh,Store,Active,Desktop,example.net,3-4,Monthly
CUS00238,2016-12-20,Silver,Mainstream,45-54,Web,Melbourne,12,3967.05,True,3000,VIC,Australia,es,Organic,Active,Tablet,example.net,2,Essential only
CUS00239,2016-02-19,Bronze,Premium,45-54,Store,Hawthorn,12,3906.33,True,3122,VIC,Australia,ar,Referral,Active,Tablet,mail.test,3-4,Essential only
CUS00240,2017-04-03,Gold,Small Business,35-44,Store,Carlton,21,17271.83,True,3053,VIC,Australia,ar,Paid Search,Active,Desktop,mail.test,3-4,Monthly
CUS00241,2016-11-06,Bronze,Mainstream,18-24,Web,Hawthorn,19,10434.48,True,3122,VIC,Australia,pt,Referral,Active,Tablet,mail.test,2,Weekly
CUS00242,2014-09-05,Silver,Small Business,45-54,Store,Hawthorn,0,222.08,True,3122,VIC,Australia,en,Social,Active,Tablet,example.net,3-4,Weekly
CUS00243,2013-02-24,Silver,Mainstream,35-44,Web,Footscray,1,1588.6,False,3011,VIC,Australia,fr,Store,Active,Desktop,inbox.example,3-4,Quarterly
CUS00244,2015-10-08,Silver,Small Business,18-24,Web,Brunswick,5,1878.07,True,3056,VIC,Australia,fr,Store,Active,Mobile,mail.test,1,Monthly
CUS00245,2016-03-02,Bronze,Small Business,35-44,Web,Southbank,20,18311.04,True,3006,VIC,Australia,ru,Organic,Active,Mobile,inbox.example,3-4,Weekly
CUS00246,2016-05-25,Gold,Small Business,18-24,Store,Carlton,21,19493.39,True,3053,VIC,Australia,fr,Social,Active,Desktop,example.net,1,Monthly
CUS00247,2016-12-27,Gold,Value,18-24,Mobile,Footscray,2,760.83,True,3011,VIC,Australia,en,Store,Active,Desktop,mail.test,3-4,Weekly
CUS00248,2017-05-04,Platinum,Value,55+,Web,Carlton,0,615.21,True,3053,VIC,Australia,nl,Organic,Active,Mobile,mail.test,1,Monthly
CUS00249,2013-02-07,Gold,Premium,18-24,Web,Docklands,16,14703.97,True,3008,VIC,Australia,hi,Organic,Active,Tablet,inbox.example,5+,Essential only
CUS00250,2016-06-26,Gold,Small Business,35-44,Web,Brunswick,9,6044.02,True,3056,VIC,Australia,nl,Organic,Dormant,Mobile,example.net,5+,Quarterly
CUS00251,2013-10-18,Silver,Small Business,35-44,Web,Southbank,0,407.8,True,3006,VIC,Australia,hi,Social,Active,Mobile,inbox.example,1,Quarterly
CUS00252,2015-03-09,Gold,Small Business,25-34,Store,Carlton,4,1773.11,True,3053,VIC,Australia,nl,Social,Active,Desktop,mail.test,1,Essential only
CUS00253,2017-08-27,Bronze,Small Business,55+,Mobile,Brunswick,10,1282.1,False,3056,VIC,Australia,it,Store,Active,Desktop,example.net,2,Monthly
CUS00254,2014-04-07,Platinum,Premium,18-24,Mobile,St Kilda,16,7322.02,True,3182,VIC,Australia,pl,Paid Search,Active,Mobile,mail.test,5+,Quarterly
CUS00255,2016-04-05,Bronze,Small Business,55+,Mobile,Footscray,5,2324.84,True,3011,VIC,Australia,nl,Referral,Active,Tablet,mail.test,3-4,Quarterly
CUS00256,2014-04-05,Platinum,Small Business,35-44,Web,Footscray,6,3488.87,True,3011,VIC,Australia,pl,Referral,Active,Mobile,example.net,3-4,Monthly
CUS00257,2013-07-03,Gold,Value,45-54,Store,Docklands,13,3561.58,True,3008,VIC,Australia,hi,Store,Active,Desktop,inbox.example,1,Quarterly
CUS00258,2014-11-27,Silver,Value,18-24,Web,Docklands,8,2288.14,True,3008,VIC,Australia,de,Organic,Active,Mobile,example.net,2,Monthly
CUS00259,2017-04-03,Gold,Value,45-54,Mobile,Brunswick,10,1582.77,True,3056,VIC,Australia,de,Store,Dormant,Desktop,inbox.example,2,Weekly
CUS00260,2013-02-19,Silver,Premium,18-24,Web,Hawthorn,16,14962.65,False,3122,VIC,Australia,it,Referral,Active,Desktop,inbox.example,3-4,Monthly
CUS00261,2017-08-01,Silver,Premium,18-24,Store,Brunswick,5,2558.26,True,3056,VIC,Australia,pl,Organic,Active,Mobile,mail.test,5+,Quarterly
CUS00262,2016-11-21,Bronze,Premium,18-24,Web,Melbourne,6,3921.12,False,3000,VIC,Australia,pl,Store,Active,Mobile,example.net,5+,Weekly
CUS00263,2016-03-26,Gold,Premium,55+,Mobile,Brunswick,18,13796.51,True,3056,VIC,Australia,pl,Social,Active,Desktop,example.net,2,Quarterly
CUS00264,2013-06-02,Gold,Mainstream,35-44,Store,St Kilda,18,6333.95,True,3182,VIC,Australia,pt,Social,Active,Desktop,inbox.example,1,Essential only
CUS00265,2015-04-20,Bronze,Value,35-44,Web,Southbank,12,11626.75,True,3006,VIC,Australia,pt,Referral,Active,Mobile,mail.test,3-4,Essential only
CUS00266,2014-08-14,Bronze,Premium,18-24,Mobile,Docklands,11,4756.22,True,3008,VIC,Australia,pl,Paid Search,Active,Tablet,example.net,5+,Quarterly
CUS00267,2013-10-24,Bronze,Small Business,45-54,Store,St Kilda,10,8966.12,False,3182,VIC,Australia,it,Store,Active,Desktop,mail.test,3-4,Weekly
CUS00268,2014-12-15,Bronze,Small Business,25-34,Web,St Kilda,13,5862.29,True,3182,VIC,Australia,hi,Referral,Active,Desktop,mail.test,3-4,Essential only
CUS00269,2017-12-24,Platinum,Premium,45-54,Web,Footscray,17,2723.19,True,3011,VIC,Australia,it,Referral,Active,Mobile,example.net,3-4,Essential only
CUS00270,2013-04-17,Bronze,Small Business,55+,Mobile,Carlton,15,9948.95,False,3053,VIC,Australia,fr,Paid Search,Active,Desktop,mail.test,2,Weekly
CUS00271,2013-02-04,Silver,Small Business,25-34,Store,Melbourne,13,3259.98,False,3000,VIC,Australia,ru,Referral,Active,Desktop,mail.test,5+,Essential only
CUS00272,2015-07-16,Silver,Mainstream,18-24,Store,Brunswick,6,3753.17,True,3056,VIC,Australia,en,Referral,Active,Desktop,mail.test,1,Quarterly
CUS00273,2017-12-01,Bronze,Premium,18-24,Web,Southbank,5,5210.98,True,3006,VIC,Australia,pl,Organic,Active,Desktop,inbox.example,3-4,Quarterly
CUS00274,2016-02-11,Bronze,Small Business,45-54,Mobile,Docklands,14,1372.22,False,3008,VIC,Australia,it,Store,Active,Mobile,example.net,2,Essential only
CUS00275,2016-10-08,Bronze,Value,55+,Web,Melbourne,3,410.12,True,3000,VIC,Australia,ru,Paid Search,Active,Desktop,mail.test,5+,Monthly
CUS00276,2016-04-15,Silver,Value,35-44,Store,St Kilda,10,4749.85,True,3182,VIC,Australia,de,Paid Search,Active,Mobile,example.net,3-4,Essential only
CUS00277,2017-02-16,Gold,Value,25-34,Store,St Kilda,12,4752.86,False,3182,VIC,Australia,es,Organic,Active,Desktop,inbox.example,3-4,Monthly
CUS00278,2015-06-25,Bronze,Mainstream,18-24,Web,Melbourne,4,3107.17,True,3000,VIC,Australia,zh,Referral,Active,Tablet,inbox.example,1,Quarterly
CUS00279,2014-11-12,Platinum,Small Business,55+,Store,Richmond,11,1467.21,True,3121,VIC,Australia,es,Store,Active,Desktop,mail.test,2,Essential only
CUS00280,2014-08-26,Silver,Value,18-24,Store,Docklands,13,7835.72,True,3008,VIC,Australia,fr,Paid Search,Active,Desktop,inbox.example,2,Essential only
CUS00281,2014-03-04,Gold,Mainstream,35-44,Store,Northcote,14,7517.49,True,3070,VIC,Australia,de,Organic,Active,Tablet,mail.test,5+,Essential only
CUS00282,2016-06-17,Bronze,Mainstream,35-44,Store,Hawthorn,17,1965.6,False,3122,VIC,Australia,en,Paid Search,Active,Mobile,mail.test,2,Monthly
CUS00283,2014-03-17,Silver,Small Business,18-24,Store,Footscray,16,10938.46,False,3011,VIC,Australia,de,Store,Active,Tablet,inbox.example,3-4,Quarterly
CUS00284,2013-06-06,Platinum,Mainstream,45-54,Mobile,St Kilda,15,13499.78,True,3182,VIC,Australia,pt,Social,Active,Desktop,inbox.example,2,Essential only
CUS00285,2017-09-26,Gold,Premium,55+,Web,Hawthorn,8,6526.92,False,3122,VIC,Australia,pt,Organic,Active,Desktop,example.net,5+,Monthly
CUS00286,2014-04-03,Gold,Value,25-34,Store,Richmond,8,5914.47,True,3121,VIC,Australia,nl,Social,Active,Desktop,mail.test,2,Monthly
CUS00287,2013-03-26,Bronze,Value,35-44,Store,Southbank,10,5695.32,False,3006,VIC,Australia,zh,Referral,Active,Tablet,example.net,2,Essential only
CUS00288,2014-08-13,Gold,Premium,25-34,Web,Hawthorn,20,14506.8,True,3122,VIC,Australia,en,Referral,Active,Desktop,inbox.example,3-4,Essential only
CUS00289,2015-07-04,Silver,Value,55+,Store,Melbourne,2,1119.23,False,3000,VIC,Australia,en,Organic,Active,Desktop,mail.test,5+,Essential only
CUS00290,2015-10-14,Silver,Value,25-34,Web,Hawthorn,18,9510.98,True,3122,VIC,Australia,ar,Social,Active,Mobile,example.net,1,Monthly
CUS00291,2014-12-14,Bronze,Small Business,35-44,Mobile,Northcote,7,1509.42,False,3070,VIC,Australia,pl,Paid Search,Active,Desktop,mail.test,3-4,Monthly
CUS00292,2014-06-19,Silver,Premium,55+,Web,Footscray,2,1428.57,True,3011,VIC,Australia,it,Organic,Active,Tablet,inbox.example,1,Weekly
CUS00293,2015-09-23,Silver,Premium,18-24,Store,St Kilda,1,1108.95,True,3182,VIC,Australia,es,Store,Active,Tablet,inbox.example,2,Weekly
CUS00294,2015-08-01,Silver,Mainstream,18-24,Mobile,Northcote,7,4886.82,False,3070,VIC,Australia,ar,Organic,Active,Mobile,mail.test,3-4,Essential only
CUS00295,2014-01-21,Silver,Value,18-24,Store,Melbourne,12,8569.2,True,3000,VIC,Australia,pt,Paid Search,Active,Desktop,mail.test,5+,Essential only
CUS00296,2013-12-06,Bronze,Premium,45-54,Web,Melbourne,3,1838.05,True,3000,VIC,Australia,pl,Paid Search,Active,Tablet,mail.test,3-4,Quarterly
CUS00297,2016-03-03,Bronze,Small Business,25-34,Mobile,St Kilda,19,9237.27,True,3182,VIC,Australia,zh,Organic,Active,Tablet,inbox.example,5+,Essential only
CUS00298,2016-08-19,Bronze,Value,18-24,Web,Footscray,0,555.99,True,3011,VIC,Australia,es,Social,Active,Desktop,example.net,5+,Monthly
CUS00299,2016-05-24,Bronze,Mainstream,45-54,Store,Melbourne,15,7133.9,False,3000,VIC,Australia,pl,Store,Active,Tablet,mail.test,3-4,Quarterly
CUS00300,2016-02-01,Silver,Value,45-54,Store,Richmond,20,10460.34,True,3121,VIC,Australia,pt,Store,Active,Mobile,example.net,5+,Weekly
CUS00301,2014-03-21,Bronze,Value,45-54,Store,Melbourne,0,607.99,True,3000,VIC,Australia,en,Organic,Active,Desktop,mail.test,3-4,Weekly
CUS00302,2015-04-26,Gold,Premium,18-24,Mobile,Docklands,5,766.81,True,3008,VIC,Australia,ru,Organic,Active,Desktop,example.net,2,Essential only
CUS00303,2013-10-22,Silver,Value,45-54,Store,Brunswick,20,6187.41,True,3056,VIC,Australia,it,Store,Active,Desktop,inbox.example,2,Weekly
CUS00304,2017-10-21,Bronze,Value,25-34,Store,Brunswick,11,9760.37,True,3056,VIC,Australia,ru,Social,Active,Tablet,example.net,3-4,Monthly
CUS00305,2015-01-07,Silver,Small Business,18-24,Mobile,Melbourne,0,881.62,False,3000,VIC,Australia,ru,Social,Active,Tablet,mail.test,2,Quarterly
CUS00306,2017-12-27,Platinum,Mainstream,55+,Mobile,Melbourne,18,3516.18,False,3000,VIC,Australia,en,Paid Search,Active,Mobile,inbox.example,3-4,Weekly
CUS00307,2017-08-25,Platinum,Mainstream,25-34,Mobile,Richmond,4,3562.52,False,3121,VIC,Australia,it,Referral,Dormant,Desktop,mail.test,1,Weekly
CUS00308,2016-12-17,Bronze,Premium,25-34,Web,Hawthorn,17,10232.84,True,3122,VIC,Australia,es,Referral,Active,Desktop,mail.test,2,Monthly
CUS00309,2017-10-20,Bronze,Small Business,45-54,Web,Carlton,11,6401.13,True,3053,VIC,Australia,nl,Paid Search,Active,Mobile,mail.test,5+,Quarterly
CUS00310,2017-08-12,Bronze,Mainstream,55+,Store,Southbank,18,16049.16,True,3006,VIC,Australia,hi,Social,Active,Desktop,example.net,1,Monthly
CUS00311,2015-09-23,Silver,Value,35-44,Store,Southbank,7,6892.6,True,3006,VIC,Australia,pt,Store,Active,Desktop,inbox.example,1,Weekly
CUS00312,2017-06-02,Bronze,Mainstream,18-24,Web,Footscray,11,10248.79,True,3011,VIC,Australia,zh,Store,Active,Desktop,inbox.example,1,Quarterly
CUS00313,2014-10-11,Silver,Mainstream,45-54,Store,Docklands,12,2419.76,True,3008,VIC,Australia,ar,Organic,Active,Tablet,example.net,3-4,Monthly
CUS00314,2016-06-07,Bronze,Value,25-34,Mobile,Footscray,3,2679.91,False,3011,VIC,Australia,de,Organic,Active,Desktop,example.net,3-4,Weekly
CUS00315,2017-10-21,Bronze,Premium,35-44,Web,St Kilda,2,2510.9,True,3182,VIC,Australia,es,Store,Active,Desktop,inbox.example,3-4,Weekly
CUS00316,2016-02-03,Silver,Value,55+,Store,Carlton,18,16503.27,True,3053,VIC,Australia,es,Paid Search,Active,Desktop,example.net,1,Essential only
CUS00317,2015-05-10,Silver,Value,18-24,Store,Footscray,21,13726.06,True,3011,VIC,Australia,zh,Social,Active,Tablet,example.net,3-4,Weekly
CUS00318,2014-08-11,Bronze,Mainstream,55+,Mobile,Brunswick,10,1275.96,True,3056,VIC,Australia,de,Paid Search,Active,Tablet,mail.test,5+,Essential only
CUS00319,2015-06-10,Gold,Mainstream,55+,Mobile,Hawthorn,6,3044.82,True,3122,VIC,Australia,zh,Social,Active,Tablet,mail.test,1,Essential only
CUS00320,2014-05-11,Bronze,Premium,45-54,Web,Docklands,20,8931.18,False,3008,VIC,Australia,ar,Social,Active,Mobile,example.net,1,Weekly
CUS00321,2015-05-06,Bronze,Value,35-44,Store,Northcote,0,305.61,True,3070,VIC,Australia,en,Organic,Active,Tablet,inbox.example,1,Weekly
CUS00322,2013-01-26,Gold,Small Business,55+,Store,Southbank,4,3253.11,True,3006,VIC,Australia,de,Organic,Review,Mobile,inbox.example,3-4,Essential only
CUS00323,2013-11-24,Bronze,Premium,18-24,Web,Melbourne,20,3145.35,True,3000,VIC,Australia,ru,Store,Active,Desktop,mail.test,3-4,Monthly
CUS00324,2015-08-06,Bronze,Premium,35-44,Web,Richmond,1,1256.73,False,3121,VIC,Australia,ru,Referral,Active,Mobile,example.net,1,Weekly
CUS00325,2015-04-07,Silver,Small Business,25-34,Web,Footscray,15,7243.48,False,3011,VIC,Australia,ja,Referral,Review,Tablet,inbox.example,1,Weekly
CUS00326,2014-08-26,Silver,Small Business,18-24,Mobile,St Kilda,18,12862.54,True,3182,VIC,Australia,hi,Store,Active,Mobile,inbox.example,3-4,Quarterly
CUS00327,2015-01-27,Silver,Premium,35-44,Store,Richmond,3,833.83,False,3121,VIC,Australia,zh,Store,Active,Mobile,example.net,1,Monthly
CUS00328,2015-12-11,Platinum,Mainstream,55+,Store,Carlton,0,289.61,True,3053,VIC,Australia,pt,Referral,Active,Desktop,mail.test,1,Weekly
CUS00329,2016-01-20,Silver,Small Business,18-24,Web,St Kilda,14,10226.18,True,3182,VIC,Australia,ru,Social,Active,Tablet,mail.test,2,Essential only
CUS00330,2015-09-05,Silver,Value,25-34,Mobile,Footscray,17,7901.94,False,3011,VIC,Australia,hi,Paid Search,Active,Mobile,inbox.example,2,Weekly
CUS00331,2015-07-20,Bronze,Small Business,18-24,Mobile,Melbourne,5,1149.29,True,3000,VIC,Australia,pt,Store,Active,Mobile,mail.test,1,Essential only
CUS00332,2015-05-08,Bronze,Small Business,55+,Mobile,Docklands,12,6740.01,False,3008,VIC,Australia,es,Referral,Active,Tablet,inbox.example,2,Quarterly
CUS00333,2017-08-07,Gold,Small Business,55+,Web,Southbank,6,684.71,False,3006,VIC,Australia,fr,Paid Search,Active,Tablet,example.net,2,Essential only
CUS00334,2013-04-14,Bronze,Mainstream,18-24,Web,St Kilda,12,3566.63,False,3182,VIC,Australia,zh,Store,Active,Tablet,example.net,2,Weekly
CUS00335,2016-04-12,Bronze,Small Business,18-24,Web,Richmond,19,3570.0,True,3121,VIC,Australia,pl,Social,Active,Desktop,mail.test,3-4,Weekly
CUS00336,2016-03-22,Bronze,Value,55+,Mobile,Hawthorn,7,3250.92,True,3122,VIC,Australia,hi,Paid Search,Active,Tablet,example.net,2,Monthly
CUS00337,2015-02-21,Bronze,Value,18-24,Store,Northcote,10,7524.71,True,3070,VIC,Australia,pl,Organic,Active,Mobile,inbox.example,5+,Essential only
CUS00338,2017-12-22,Silver,Small Business,18-24,Mobile,Southbank,6,3767.71,True,3006,VIC,Australia,de,Store,Active,Desktop,example.net,5+,Essential only
CUS00339,2017-01-26,Bronze,Small Business,35-44,Store,Melbourne,8,5210.79,True,3000,VIC,Australia,en,Social,Active,Desktop,mail.test,1,Essential only
CUS00340,2014-01-24,Silver,Small Business,35-44,Web,Docklands,5,4478.21,True,3008,VIC,Australia,zh,Store,Active,Desktop,example.net,3-4,Monthly
CUS00341,2015-09-10,Silver,Premium,45-54,Web,Richmond,15,11490.36,True,3121,VIC,Australia,ru,Referral,Active,Tablet,example.net,1,Essential only
CUS00342,2013-01-17,Silver,Premium,55+,Mobile,Northcote,9,8763.1,True,3070,VIC,Australia,pl,Organic,Dormant,Tablet,mail.test,1,Quarterly
CUS00343,2015-05-16,Bronze,Premium,35-44,Mobile,Northcote,19,3250.32,True,3070,VIC,Australia,ar,Organic,Active,Mobile,inbox.example,1,Weekly
CUS00344,2015-09-03,Bronze,Value,25-34,Store,Carlton,3,910.53,True,3053,VIC,Australia,ru,Organic,Active,Mobile,example.net,3-4,Essential only
CUS00345,2014-05-04,Silver,Small Business,25-34,Web,Melbourne,0,557.4,True,3000,VIC,Australia,ar,Store,Active,Tablet,example.net,1,Essential only
CUS00346,2015-07-15,Platinum,Value,45-54,Store,Richmond,4,2259.97,False,3121,VIC,Australia,ja,Referral,Active,Tablet,mail.test,1,Quarterly
CUS00347,2016-08-23,Gold,Premium,25-34,Store,Southbank,19,2045.12,True,3006,VIC,Australia,hi,Social,Active,Mobile,inbox.example,3-4,Weekly
CUS00348,2016-10-03,Silver,Premium,18-24,Store,Richmond,6,6221.37,True,3121,VIC,Australia,ru,Store,Active,Mobile,example.net,5+,Essential only
CUS00349,2016-09-09,Gold,Premium,35-44,Store,Hawthorn,14,12262.86,False,3122,VIC,Australia,fr,Paid Search,Active,Tablet,inbox.example,5+,Monthly
CUS00350,2017-08-01,Gold,Small Business,18-24,Mobile,Richmond,2,1807.99,True,3121,VIC,Australia,nl,Social,Active,Tablet,example.net,1,Weekly
CUS00351,2014-05-27,Silver,Small Business,35-44,Store,Carlton,11,8103.67,False,3053,VIC,Australia,en,Store,Active,Mobile,example.net,5+,Weekly
CUS00352,2014-08-14,Silver,Value,35-44,Mobile,Docklands,1,766.83,False,3008,VIC,Australia,it,Referral,Dormant,Mobile,example.net,3-4,Quarterly
CUS00353,2014-10-27,Gold,Premium,25-34,Web,Melbourne,7,3472.92,True,3000,VIC,Australia,ja,Organic,Active,Tablet,example.net,1,Quarterly
CUS00354,2014-04-16,Bronze,Mainstream,35-44,Store,Docklands,8,2809.71,False,3008,VIC,Australia,ru,Social,Active,Desktop,example.net,5+,Essential only
CUS00355,2014-08-22,Silver,Value,45-54,Store,Brunswick,9,6153.56,True,3056,VIC,Australia,zh,Organic,Active,Mobile,inbox.example,5+,Monthly
CUS00356,2015-11-12,Gold,Small Business,25-34,Mobile,Footscray,20,14102.33,True,3011,VIC,Australia,es,Store,Active,Tablet,example.net,2,Weekly
CUS00357,2013-04-04,Silver,Mainstream,25-34,Mobile,St Kilda,12,1349.5,True,3182,VIC,Australia,zh,Referral,Active,Tablet,example.net,5+,Weekly
CUS00358,2013-03-19,Platinum,Mainstream,18-24,Store,Hawthorn,12,3055.82,True,3122,VIC,Australia,ru,Paid Search,Active,Desktop,inbox.example,5+,Quarterly
CUS00359,2013-08-18,Bronze,Small Business,18-24,Store,Footscray,0,557.72,False,3011,VIC,Australia,pl,Social,Active,Mobile,inbox.example,1,Quarterly
CUS00360,2017-10-03,Gold,Mainstream,35-44,Mobile,Docklands,10,1009.7,True,3008,VIC,Australia,ar,Referral,Active,Desktop,inbox.example,3-4,Essential only
CUS00361,2015-03-19,Silver,Small Business,45-54,Store,Melbourne,14,1651.69,True,3000,VIC,Australia,ja,Referral,Active,Tablet,mail.test,3-4,Weekly
CUS00362,2015-08-23,Bronze,Value,45-54,Mobile,Southbank,19,11413.95,True,3006,VIC,Australia,pt,Social,Dormant,Desktop,inbox.example,2,Quarterly
CUS00363,2017-05-24,Gold,Mainstream,25-34,Store,Northcote,2,2183.02,True,3070,VIC,Australia,hi,Paid Search,Active,Mobile,example.net,1,Monthly
CUS00364,2017-01-03,Silver,Premium,35-44,Store,St Kilda,1,669.17,False,3182,VIC,Australia,ja,Referral,Active,Mobile,example.net,5+,Quarterly
CUS00365,2015-05-14,Bronze,Premium,35-44,Store,Hawthorn,14,7106.31,True,3122,VIC,Australia,hi,Referral,Active,Tablet,mail.test,5+,Quarterly
CUS00366,2015-11-06,Bronze,Premium,25-34,Mobile,Melbourne,11,9028.51,False,3000,VIC,Australia,fr,Social,Active,Mobile,inbox.example,2,Essential only
CUS00367,2016-03-10,Silver,Value,35-44,Store,Northcote,4,430.94,True,3070,VIC,Australia,pl,Social,Active,Mobile,example.net,5+,Quarterly
CUS00368,2016-12-15,Silver,Small Business,35-44,Web,Richmond,12,3820.66,True,3121,VIC,Australia,en,Organic,Dormant,Tablet,mail.test,3-4,Essential only
CUS00369,2015-11-13,Silver,Small Business,18-24,Web,Brunswick,11,5796.18,False,3056,VIC,Australia,ja,Organic,Active,Tablet,mail.test,3-4,Monthly
CUS00370,2017-10-27,Bronze,Premium,18-24,Web,Docklands,4,1424.87,True,3008,VIC,Australia,nl,Store,Active,Tablet,inbox.example,1,Quarterly
CUS00371,2015-08-26,Silver,Small Business,55+,Web,Southbank,19,12375.41,True,3006,VIC,Australia,pt,Organic,Active,Desktop,inbox.example,5+,Weekly
CUS00372,2016-09-24,Bronze,Premium,35-44,Store,Northcote,19,12912.05,True,3070,VIC,Australia,es,Store,Active,Desktop,inbox.example,5+,Weekly
CUS00373,2013-12-27,Bronze,Premium,18-24,Mobile,Carlton,11,1195.47,True,3053,VIC,Australia,ja,Referral,Active,Mobile,example.net,3-4,Weekly
CUS00374,2013-01-16,Bronze,Small Business,35-44,Mobile,Footscray,8,4074.42,True,3011,VIC,Australia,pt,Organic,Active,Desktop,example.net,1,Monthly
CUS00375,2015-04-19,Bronze,Premium,18-24,Mobile,Southbank,11,10580.52,True,3006,VIC,Australia,ja,Paid Search,Active,Mobile,inbox.example,1,Essential only
CUS00376,2013-11-25,Bronze,Premium,25-34,Store,St Kilda,21,12036.47,True,3182,VIC,Australia,ar,Social,Active,Desktop,inbox.example,3-4,Essential only
CUS00377,2013-12-07,Gold,Small Business,55+,Mobile,Docklands,6,2286.25,False,3008,VIC,Australia,zh,Social,Active,Desktop,example.net,5+,Weekly
CUS00378,2013-01-22,Bronze,Mainstream,35-44,Web,Northcote,18,16227.39,True,3070,VIC,Australia,ru,Referral,Active,Mobile,example.net,1,Essential only
CUS00379,2016-03-14,Silver,Premium,55+,Store,Footscray,8,2016.32,True,3011,VIC,Australia,it,Referral,Dormant,Desktop,mail.test,2,Monthly
CUS00380,2015-01-19,Bronze,Value,25-34,Web,St Kilda,1,1240.45,True,3182,VIC,Australia,ja,Referral,Active,Desktop,mail.test,2,Quarterly
CUS00381,2017-12-18,Silver,Small Business,55+,Store,Southbank,16,2109.93,False,3006,VIC,Australia,fr,Social,Active,Mobile,inbox.example,5+,Weekly
CUS00382,2016-09-13,Bronze,Value,35-44,Mobile,Hawthorn,9,4991.35,True,3122,VIC,Australia,nl,Paid Search,Active,Desktop,inbox.example,5+,Monthly
CUS00383,2017-11-12,Gold,Small Business,55+,Store,Hawthorn,11,8739.35,True,3122,VIC,Australia,it,Store,Active,Desktop,inbox.example,3-4,Monthly
CUS00384,2016-10-03,Bronze,Value,45-54,Web,St Kilda,8,789.42,True,3182,VIC,Australia,zh,Store,Active,Tablet,inbox.example,2,Monthly
CUS00385,2015-04-23,Platinum,Value,35-44,Web,Carlton,12,6921.35,False,3053,VIC,Australia,de,Referral,Active,Desktop,mail.test,5+,Essential only
CUS00386,2017-08-27,Bronze,Small Business,25-34,Store,St Kilda,8,1733.58,True,3182,VIC,Australia,en,Organic,Dormant,Desktop,inbox.example,3-4,Essential only
CUS00387,2016-06-19,Gold,Premium,25-34,Web,Footscray,7,4713.96,True,3011,VIC,Australia,hi,Paid Search,Active,Mobile,inbox.example,2,Essential only
CUS00388,2014-08-24,Silver,Premium,18-24,Web,Melbourne,15,13243.52,True,3000,VIC,Australia,ru,Organic,Active,Desktop,example.net,2,Quarterly
CUS00389,2017-07-26,Bronze,Premium,18-24,Mobile,Footscray,13,6713.42,True,3011,VIC,Australia,fr,Referral,Active,Tablet,inbox.example,3-4,Quarterly
CUS00390,2014-01-04,Gold,Small Business,18-24,Mobile,Docklands,2,936.47,True,3008,VIC,Australia,es,Store,Active,Mobile,example.net,5+,Weekly
CUS00391,2013-03-19,Bronze,Premium,55+,Mobile,Southbank,17,11189.48,True,3006,VIC,Australia,ar,Referral,Active,Desktop,example.net,2,Essential only
CUS00392,2016-04-16,Platinum,Premium,35-44,Store,Northcote,9,3968.61,True,3070,VIC,Australia,en,Paid Search,Active,Tablet,mail.test,2,Weekly
CUS00393,2013-08-14,Silver,Premium,45-54,Mobile,Southbank,10,4039.17,False,3006,VIC,Australia,ru,Social,Dormant,Mobile,mail.test,2,Monthly
CUS00394,2017-06-05,Platinum,Small Business,45-54,Mobile,Southbank,4,2529.88,True,3006,VIC,Australia,pl,Paid Search,Dormant,Tablet,example.net,2,Weekly
CUS00395,2013-10-14,Silver,Small Business,45-54,Web,Melbourne,2,1138.82,True,3000,VIC,Australia,pl,Paid Search,Review,Mobile,inbox.example,3-4,Essential only
CUS00396,2013-12-18,Silver,Premium,55+,Web,Docklands,12,9269.31,True,3008,VIC,Australia,ja,Social,Active,Mobile,example.net,1,Essential only
CUS00397,2017-01-11,Bronze,Premium,25-34,Store,Hawthorn,18,6214.55,True,3122,VIC,Australia,it,Store,Dormant,Desktop,inbox.example,2,Weekly
CUS00398,2014-06-05,Gold,Premium,35-44,Web,Southbank,18,16457.24,False,3006,VIC,Australia,ru,Paid Search,Dormant,Desktop,inbox.example,1,Essential only
CUS00399,2013-07-08,Gold,Value,25-34,Web,Hawthorn,21,13354.37,True,3122,VIC,Australia,pt,Store,Active,Mobile,example.net,5+,Essential only
CUS00400,2017-02-01,Silver,Small Business,35-44,Store,Hawthorn,9,7519.02,True,3122,VIC,Australia,it,Paid Search,Active,Mobile,inbox.example,2,Essential only
CUS00401,2016-04-07,Bronze,Premium,35-44,Store,St Kilda,14,7594.09,True,3182,VIC,Australia,de,Store,Active,Desktop,mail.test,3-4,Essential only
CUS00402,2015-09-01,Bronze,Premium,35-44,Web,Brunswick,2,2637.94,True,3056,VIC,Australia,es,Referral,Active,Desktop,mail.test,1,Weekly
CUS00403,2017-05-23,Bronze,Mainstream,25-34,Web,Docklands,20,13739.07,True,3008,VIC,Australia,zh,Referral,Active,Tablet,mail.test,5+,Quarterly
CUS00404,2016-09-22,Bronze,Premium,25-34,Store,Footscray,8,3277.74,True,3011,VIC,Australia,de,Referral,Active,Desktop,mail.test,1,Essential only
CUS00405,2017-11-02,Platinum,Small Business,45-54,Mobile,Melbourne,19,12453.67,True,3000,VIC,Australia,zh,Social,Active,Mobile,inbox.example,1,Weekly
CUS00406,2015-09-08,Bronze,Mainstream,25-34,Web,Richmond,5,1822.35,True,3121,VIC,Australia,hi,Organic,Active,Mobile,example.net,3-4,Monthly
CUS00407,2014-09-12,Silver,Mainstream,35-44,Store,Docklands,17,3071.44,True,3008,VIC,Australia,en,Paid Search,Active,Desktop,inbox.example,2,Monthly
CUS00408,2014-02-24,Bronze,Value,25-34,Store,Docklands,18,3709.76,True,3008,VIC,Australia,de,Paid Search,Active,Mobile,example.net,5+,Essential only
CUS00409,2013-05-03,Bronze,Value,25-34,Store,Brunswick,1,306.11,True,3056,VIC,Australia,ar,Referral,Active,Mobile,mail.test,5+,Essential only
CUS00410,2017-09-19,Silver,Mainstream,18-24,Web,Footscray,12,9154.62,True,3011,VIC,Australia,de,Referral,Active,Tablet,mail.test,2,Monthly
CUS00411,2013-06-07,Bronze,Mainstream,18-24,Store,Brunswick,13,2475.36,True,3056,VIC,Australia,en,Referral,Active,Mobile,mail.test,1,Quarterly
CUS00412,2017-02-12,Silver,Premium,45-54,Web,Footscray,5,3757.65,True,3011,VIC,Australia,ru,Social,Active,Desktop,inbox.example,3-4,Monthly
CUS00413,2016-10-13,Platinum,Small Business,18-24,Web,Melbourne,21,15045.41,True,3000,VIC,Australia,ru,Referral,Active,Desktop,inbox.example,2,Monthly
CUS00414,2016-08-13,Gold,Small Business,18-24,Web,Southbank,21,2344.56,True,3006,VIC,Australia,it,Social,Active,Mobile,inbox.example,1,Quarterly
CUS00415,2016-02-12,Platinum,Mainstream,55+,Web,Melbourne,4,3133.46,False,3000,VIC,Australia,nl,Organic,Active,Mobile,inbox.example,5+,Monthly
CUS00416,2014-04-16,Silver,Premium,18-24,Web,Docklands,15,3730.0,False,3008,VIC,Australia,hi,Referral,Active,Mobile,inbox.example,5+,Quarterly
CUS00417,2016-02-21,Bronze,Value,35-44,Web,Brunswick,6,5632.31,False,3056,VIC,Australia,nl,Store,Active,Mobile,inbox.example,3-4,Essential only
CUS00418,2013-12-09,Silver,Premium,55+,Store,Brunswick,0,416.99,True,3056,VIC,Australia,it,Paid Search,Active,Mobile,mail.test,3-4,Quarterly
CUS00419,2017-09-26,Gold,Value,18-24,Store,Docklands,4,1098.36,True,3008,VIC,Australia,hi,Social,Review,Mobile,example.net,3-4,Weekly
CUS00420,2017-12-17,Gold,Mainstream,25-34,Store,Brunswick,10,4475.81,False,3056,VIC,Australia,hi,Organic,Dormant,Desktop,example.net,3-4,Essential only
CUS00421,2016-09-25,Bronze,Small Business,35-44,Mobile,Hawthorn,3,3364.07,True,3122,VIC,Australia,es,Store,Active,Mobile,inbox.example,3-4,Quarterly
CUS00422,2015-10-01,Bronze,Mainstream,55+,Web,Docklands,18,14992.73,False,3008,VIC,Australia,pt,Organic,Active,Mobile,mail.test,3-4,Monthly
CUS00423,2015-10-05,Bronze,Small Business,45-54,Store,Docklands,2,2267.82,False,3008,VIC,Australia,it,Social,Active,Tablet,inbox.example,1,Monthly
CUS00424,2016-06-03,Silver,Value,35-44,Store,Brunswick,13,8661.0,True,3056,VIC,Australia,de,Social,Active,Tablet,mail.test,2,Monthly
CUS00425,2013-10-21,Bronze,Premium,25-34,Store,Southbank,21,14433.35,False,3006,VIC,Australia,ja,Organic,Active,Desktop,example.net,2,Weekly
CUS00426,2015-10-05,Bronze,Premium,55+,Web,Southbank,9,6956.13,False,3006,VIC,Australia,fr,Store,Active,Tablet,example.net,5+,Quarterly
CUS00427,2015-01-22,Platinum,Mainstream,45-54,Store,Southbank,0,342.06,False,3006,VIC,Australia,ja,Store,Active,Mobile,mail.test,1,Quarterly
CUS00428,2017-12-14,Silver,Premium,18-24,Web,Melbourne,9,6043.96,True,3000,VIC,Australia,ja,Store,Active,Desktop,example.net,3-4,Essential only
CUS00429,2016-07-27,Gold,Value,18-24,Mobile,Carlton,7,817.77,False,3053,VIC,Australia,nl,Organic,Active,Desktop,inbox.example,5+,Weekly
CUS00430,2017-12-01,Silver,Mainstream,35-44,Web,St Kilda,0,500.46,False,3182,VIC,Australia,ja,Store,Active,Tablet,mail.test,3-4,Weekly
CUS00431,2015-09-25,Silver,Mainstream,55+,Web,Carlton,4,3203.34,True,3053,VIC,Australia,hi,Organic,Active,Desktop,example.net,5+,Quarterly
CUS00432,2013-03-21,Silver,Value,55+,Mobile,Northcote,0,443.88,True,3070,VIC,Australia,zh,Social,Active,Tablet,inbox.example,3-4,Monthly
CUS00433,2017-05-21,Platinum,Small Business,55+,Web,Richmond,17,10188.19,True,3121,VIC,Australia,nl,Referral,Active,Mobile,example.net,2,Monthly
CUS00434,2014-12-08,Bronze,Mainstream,18-24,Store,Northcote,7,5874.1,False,3070,VIC,Australia,ar,Store,Active,Desktop,inbox.example,3-4,Quarterly
CUS00435,2017-08-16,Bronze,Small Business,25-34,Mobile,Brunswick,5,3036.53,True,3056,VIC,Australia,zh,Organic,Active,Mobile,mail.test,3-4,Essential only
CUS00436,2016-11-07,Silver,Small Business,55+,Mobile,Melbourne,21,11253.36,False,3000,VIC,Australia,pt,Social,Active,Tablet,example.net,1,Monthly
CUS00437,2016-12-13,Gold,Small Business,55+,Web,Northcote,14,8234.04,False,3070,VIC,Australia,zh,Organic,Active,Tablet,mail.test,5+,Quarterly
CUS00438,2017-05-26,Silver,Value,45-54,Store,Richmond,9,5904.04,False,3121,VIC,Australia,ru,Social,Dormant,Desktop,inbox.example,3-4,Weekly
CUS00439,2014-06-13,Gold,Mainstream,18-24,Store,Carlton,5,631.96,True,3053,VIC,Australia,ar,Referral,Active,Tablet,mail.test,3-4,Monthly
CUS00440,2016-01-12,Gold,Mainstream,18-24,Web,Southbank,7,3973.32,True,3006,VIC,Australia,ru,Store,Active,Mobile,mail.test,3-4,Essential only
CUS00441,2015-08-23,Bronze,Premium,18-24,Web,St Kilda,9,1501.2,False,3182,VIC,Australia,pl,Social,Active,Desktop,example.net,2,Weekly
CUS00442,2017-06-10,Bronze,Premium,55+,Web,Melbourne,14,12908.25,True,3000,VIC,Australia,pt,Organic,Active,Mobile,mail.test,1,Quarterly
CUS00443,2013-07-14,Gold,Value,18-24,Web,Northcote,15,1836.46,False,3070,VIC,Australia,en,Referral,Active,Mobile,example.net,5+,Weekly
CUS00444,2013-11-14,Bronze,Premium,35-44,Mobile,Hawthorn,1,489.13,False,3122,VIC,Australia,fr,Paid Search,Active,Desktop,example.net,2,Quarterly
CUS00445,2017-08-25,Bronze,Small Business,35-44,Web,Footscray,0,508.76,True,3011,VIC,Australia,fr,Referral,Active,Mobile,example.net,2,Essential only
CUS00446,2017-11-25,Silver,Mainstream,55+,Web,Northcote,2,1845.84,False,3070,VIC,Australia,ja,Store,Active,Mobile,mail.test,5+,Weekly
CUS00447,2015-06-26,Silver,Small Business,25-34,Store,Carlton,13,12564.38,False,3053,VIC,Australia,de,Organic,Active,Mobile,mail.test,2,Essential only
CUS00448,2017-01-22,Silver,Mainstream,18-24,Web,St Kilda,5,2072.05,False,3182,VIC,Australia,it,Referral,Active,Tablet,example.net,2,Weekly
CUS00449,2016-05-08,Bronze,Value,45-54,Store,Docklands,13,6753.67,False,3008,VIC,Australia,it,Store,Active,Desktop,mail.test,5+,Essential only
CUS00450,2013-10-21,Platinum,Small Business,35-44,Mobile,Hawthorn,11,1801.06,True,3122,VIC,Australia,nl,Referral,Active,Tablet,example.net,2,Quarterly
CUS00451,2013-01-20,Bronze,Value,55+,Web,Melbourne,1,1504.87,True,3000,VIC,Australia,nl,Organic,Active,Mobile,inbox.example,3-4,Essential only
CUS00452,2013-07-20,Bronze,Premium,25-34,Store,Brunswick,15,2015.87,True,3056,VIC,Australia,ar,Referral,Active,Desktop,example.net,1,Weekly
CUS00453,2015-01-10,Bronze,Mainstream,55+,Mobile,Southbank,16,11963.22,True,3006,VIC,Australia,ja,Organic,Active,Tablet,inbox.example,1,Weekly
CUS00454,2016-10-09,Bronze,Value,25-34,Mobile,Brunswick,13,7455.65,True,3056,VIC,Australia,es,Social,Active,Tablet,mail.test,1,Quarterly
CUS00455,2014-07-10,Bronze,Small Business,25-34,Web,Footscray,6,3756.39,False,3011,VIC,Australia,fr,Paid Search,Active,Mobile,example.net,5+,Weekly
CUS00456,2017-04-04,Silver,Premium,55+,Store,Brunswick,8,7493.68,True,3056,VIC,Australia,pl,Store,Active,Desktop,inbox.example,3-4,Quarterly
CUS00457,2015-04-19,Bronze,Value,35-44,Web,Richmond,1,573.59,False,3121,VIC,Australia,de,Store,Active,Mobile,mail.test,2,Weekly
CUS00458,2017-03-03,Silver,Value,25-34,Mobile,Footscray,6,2510.04,False,3011,VIC,Australia,en,Store,Active,Tablet,example.net,1,Essential only
CUS00459,2014-05-23,Platinum,Premium,45-54,Store,Southbank,8,3233.49,True,3006,VIC,Australia,it,Referral,Active,Desktop,inbox.example,2,Weekly
CUS00460,2017-04-05,Bronze,Mainstream,55+,Mobile,Brunswick,2,1016.05,True,3056,VIC,Australia,de,Organic,Active,Tablet,mail.test,2,Weekly
CUS00461,2016-08-19,Gold,Premium,55+,Mobile,Richmond,18,2959.99,False,3121,VIC,Australia,pl,Social,Active,Mobile,mail.test,5+,Essential only
CUS00462,2017-06-11,Gold,Value,25-34,Web,Hawthorn,4,927.31,False,3122,VIC,Australia,ru,Organic,Active,Desktop,mail.test,5+,Monthly
CUS00463,2014-03-09,Bronze,Small Business,45-54,Mobile,Docklands,9,4535.54,True,3008,VIC,Australia,en,Referral,Active,Desktop,example.net,2,Quarterly
CUS00464,2014-08-16,Bronze,Premium,18-24,Mobile,Docklands,17,8304.24,True,3008,VIC,Australia,es,Store,Active,Desktop,example.net,5+,Weekly
CUS00465,2014-11-12,Silver,Mainstream,55+,Web,Carlton,13,5452.86,True,3053,VIC,Australia,it,Social,Active,Mobile,mail.test,3-4,Quarterly
CUS00466,2014-08-17,Bronze,Premium,55+,Mobile,Richmond,20,9746.25,True,3121,VIC,Australia,zh,Social,Active,Tablet,example.net,1,Weekly
CUS00467,2015-01-13,Bronze,Premium,55+,Mobile,Brunswick,21,18443.09,True,3056,VIC,Australia,de,Organic,Active,Mobile,mail.test,2,Essential only
CUS00468,2014-07-03,Bronze,Premium,25-34,Web,Carlton,9,4534.79,True,3053,VIC,Australia,nl,Social,Active,Desktop,example.net,1,Monthly
CUS00469,2014-04-17,Silver,Small Business,35-44,Mobile,Richmond,12,9231.1,False,3121,VIC,Australia,pl,Organic,Active,Desktop,mail.test,3-4,Essential only
CUS00470,2014-05-10,Bronze,Mainstream,35-44,Mobile,Footscray,11,1940.43,False,3011,VIC,Australia,en,Referral,Active,Tablet,inbox.example,2,Monthly
CUS00471,2017-08-11,Bronze,Value,18-24,Store,St Kilda,20,10655.22,True,3182,VIC,Australia,ar,Social,Active,Tablet,example.net,1,Weekly
CUS00472,2015-01-24,Bronze,Small Business,25-34,Web,Docklands,14,1979.59,True,3008,VIC,Australia,ar,Store,Review,Tablet,example.net,5+,Monthly
CUS00473,2016-06-22,Gold,Mainstream,18-24,Store,Docklands,3,1119.68,True,3008,VIC,Australia,de,Store,Active,Tablet,mail.test,3-4,Monthly
CUS00474,2013-02-27,Silver,Small Business,25-34,Web,Richmond,18,3506.86,True,3121,VIC,Australia,hi,Store,Active,Mobile,example.net,3-4,Essential only
CUS00475,2015-04-01,Bronze,Mainstream,35-44,Mobile,Brunswick,4,2999.54,False,3056,VIC,Australia,ru,Social,Dormant,Tablet,inbox.example,1,Monthly
CUS00476,2013-03-09,Silver,Premium,55+,Store,St Kilda,6,6027.85,True,3182,VIC,Australia,pl,Organic,Active,Tablet,inbox.example,5+,Weekly
CUS00477,2016-11-11,Bronze,Small Business,35-44,Web,Footscray,5,4999.41,False,3011,VIC,Australia,es,Organic,Active,Mobile,mail.test,1,Quarterly
CUS00478,2017-07-04,Silver,Value,25-34,Web,St Kilda,18,8631.81,False,3182,VIC,Australia,hi,Social,Active,Desktop,mail.test,3-4,Monthly
CUS00479,2016-11-15,Gold,Small Business,18-24,Web,Docklands,13,10566.89,True,3008,VIC,Australia,hi,Referral,Active,Desktop,mail.test,1,Monthly
CUS00480,2014-10-23,Gold,Premium,35-44,Mobile,Southbank,14,8633.43,True,3006,VIC,Australia,hi,Referral,Active,Desktop,inbox.example,2,Quarterly
CUS00481,2014-01-18,Silver,Small Business,55+,Mobile,Southbank,21,6236.76,False,3006,VIC,Australia,it,Referral,Active,Tablet,example.net,1,Monthly
CUS00482,2014-06-14,Bronze,Mainstream,55+,Store,Southbank,8,1912.14,True,3006,VIC,Australia,it,Referral,Active,Mobile,inbox.example,5+,Monthly
CUS00483,2017-12-05,Silver,Mainstream,25-34,Web,Southbank,11,5309.38,True,3006,VIC,Australia,ar,Referral,Active,Desktop,example.net,5+,Essential only
CUS00484,2013-03-19,Silver,Value,55+,Store,Southbank,20,17804.87,True,3006,VIC,Australia,ar,Social,Active,Tablet,mail.test,2,Weekly
CUS00485,2016-07-04,Platinum,Small Business,25-34,Web,Footscray,12,8398.14,True,3011,VIC,Australia,ar,Organic,Active,Mobile,example.net,2,Monthly
CUS00486,2015-05-05,Gold,Value,35-44,Web,Brunswick,8,6631.43,True,3056,VIC,Australia,hi,Referral,Active,Desktop,mail.test,1,Weekly
CUS00487,2017-11-05,Bronze,Value,25-34,Mobile,Richmond,15,12314.94,False,3121,VIC,Australia,hi,Social,Dormant,Mobile,example.net,5+,Quarterly
CUS00488,2016-08-26,Bronze,Premium,25-34,Web,Brunswick,3,3414.74,True,3056,VIC,Australia,en,Paid Search,Active,Tablet,example.net,3-4,Essential only
CUS00489,2015-05-10,Silver,Value,55+,Mobile,Northcote,14,5942.99,True,3070,VIC,Australia,en,Referral,Active,Mobile,mail.test,3-4,Monthly
CUS00490,2016-01-13,Bronze,Premium,45-54,Web,St Kilda,14,6111.55,True,3182,VIC,Australia,es,Store,Active,Mobile,inbox.example,5+,Weekly
CUS00491,2015-07-02,Bronze,Premium,55+,Web,Carlton,21,6070.34,True,3053,VIC,Australia,ar,Organic,Active,Tablet,mail.test,3-4,Quarterly
CUS00492,2013-10-06,Bronze,Mainstream,35-44,Store,Brunswick,11,10231.58,True,3056,VIC,Australia,ru,Social,Dormant,Desktop,example.net,1,Essential only
CUS00493,2017-03-11,Platinum,Mainstream,55+,Mobile,Richmond,12,3142.58,True,3121,VIC,Australia,pt,Store,Active,Desktop,inbox.example,1,Essential only
CUS00494,2016-09-15,Gold,Premium,55+,Mobile,Southbank,4,1794.16,True,3006,VIC,Australia,it,Referral,Active,Desktop,inbox.example,1,Weekly
CUS00495,2016-06-26,Platinum,Small Business,35-44,Store,Footscray,15,8295.57,True,3011,VIC,Australia,ar,Paid Search,Active,Mobile,inbox.example,1,Monthly
CUS00496,2014-06-14,Bronze,Value,18-24,Store,Brunswick,10,3507.55,True,3056,VIC,Australia,nl,Referral,Dormant,Mobile,example.net,1,Essential only
CUS00497,2017-05-02,Gold,Premium,35-44,Store,Footscray,3,660.29,False,3011,VIC,Australia,ja,Organic,Active,Tablet,example.net,2,Quarterly
CUS00498,2017-02-06,Bronze,Premium,35-44,Web,Hawthorn,6,4653.6,True,3122,VIC,Australia,fr,Referral,Active,Tablet,mail.test,5+,Essential only
CUS00499,2014-03-19,Bronze,Premium,45-54,Mobile,Richmond,10,3316.36,False,3121,VIC,Australia,es,Organic,Active,Mobile,inbox.example,1,Quarterly
CUS00500,2016-12-18,Platinum,Premium,18-24,Web,Northcote,3,779.68,True,3070,VIC,Australia,pt,Paid Search,Active,Desktop,inbox.example,5+,Essential only
